"../../../Engine/Plugins/Animation/ACLPlugin/Content/ACLAnimBoneCompressionSettings.uasset" 0
"../../../Engine/Plugins/Animation/ACLPlugin/Content/ACLAnimBoneCompressionSettings.uexp" 1
"../../../Engine/Plugins/2D/Paper2D/Content/PlaceholderTextures/DummySpriteTexture.ubulk" 2
"../../../Engine/Plugins/2D/Paper2D/Content/PlaceholderTextures/DummySpriteTexture.uasset" 3
"../../../Engine/Plugins/2D/Paper2D/Content/PlaceholderTextures/DummySpriteTexture.uexp" 4
"../../../Engine/Plugins/2D/Paper2D/Content/DummySprite.uasset" 5
"../../../Engine/Plugins/2D/Paper2D/Content/DummySprite.uexp" 6
"../../../Engine/Plugins/2D/Paper2D/Content/DefaultPaperTerrainMaterial.uasset" 7
"../../../Engine/Plugins/2D/Paper2D/Content/DefaultPaperTerrainMaterial.uexp" 8
"../../../Engine/Plugins/Interchange/Runtime/Content/Pipelines/DefaultTexturePipeline.uasset" 9
"../../../Engine/Plugins/Interchange/Runtime/Content/Pipelines/DefaultTexturePipeline.uexp" 10
"../../../Engine/Plugins/Interchange/Runtime/Content/Pipelines/DefaultSceneLevelPipeline.uasset" 11
"../../../Engine/Plugins/Interchange/Runtime/Content/Pipelines/DefaultSceneLevelPipeline.uexp" 12
"../../../Engine/Plugins/Interchange/Runtime/Content/Pipelines/DefaultSceneAssetsPipeline.uasset" 13
"../../../Engine/Plugins/Interchange/Runtime/Content/Pipelines/DefaultSceneAssetsPipeline.uexp" 14
"../../../Engine/Plugins/Interchange/Runtime/Content/Pipelines/DefaultMaterialXPipeline.uasset" 15
"../../../Engine/Plugins/Interchange/Runtime/Content/Pipelines/DefaultMaterialXPipeline.uexp" 16
"../../../Engine/Plugins/Interchange/Runtime/Content/Pipelines/DefaultMaterialPipeline.uasset" 17
"../../../Engine/Plugins/Interchange/Runtime/Content/Pipelines/DefaultMaterialPipeline.uexp" 18
"../../../Engine/Plugins/Interchange/Runtime/Content/Pipelines/DefaultGLTFSceneAssetsPipeline.uasset" 19
"../../../Engine/Plugins/Interchange/Runtime/Content/Pipelines/DefaultGLTFSceneAssetsPipeline.uexp" 20
"../../../Engine/Plugins/Interchange/Runtime/Content/Pipelines/DefaultGLTFPipeline.uasset" 21
"../../../Engine/Plugins/Interchange/Runtime/Content/Pipelines/DefaultGLTFPipeline.uexp" 22
"../../../Engine/Plugins/Interchange/Runtime/Content/Pipelines/DefaultGLTFAssetsPipeline.uasset" 23
"../../../Engine/Plugins/Interchange/Runtime/Content/Pipelines/DefaultGLTFAssetsPipeline.uexp" 24
"../../../Engine/Plugins/Interchange/Runtime/Content/Pipelines/DefaultAssetsPipeline.uasset" 25
"../../../Engine/Plugins/Interchange/Runtime/Content/Pipelines/DefaultAssetsPipeline.uexp" 26
"../../../Engine/Content/EngineSounds/Master.uasset" 27
"../../../Engine/Content/EngineSounds/Master.uexp" 28
"../../../Engine/Content/EngineMaterials/DefaultPhysicalMaterial.uasset" 29
"../../../Engine/Content/EngineMaterials/DefaultPhysicalMaterial.uexp" 30
"../../../Engine/Content/EngineMaterials/DefaultDestructiblePhysicalMaterial.uasset" 31
"../../../Engine/Content/EngineMaterials/DefaultDestructiblePhysicalMaterial.uexp" 32
"../../../Engine/Content/EngineFonts/Faces/DroidSansFallback.uexp" 33
"../../../Engine/Content/EngineFonts/Faces/DroidSansFallback.uasset" 34
"../../../Engine/Content/EngineFonts/Faces/DroidSansFallback.ufont" 35
"../../../Engine/Content/EngineFonts/Faces/RobotoRegular.uexp" 36
"../../../Engine/Content/EngineFonts/Faces/RobotoRegular.uasset" 37
"../../../Engine/Content/EngineFonts/Faces/RobotoRegular.ufont" 38
"../../../Engine/Content/EngineFonts/Faces/RobotoLight.uexp" 39
"../../../Engine/Content/EngineFonts/Faces/RobotoLight.uasset" 40
"../../../Engine/Content/EngineFonts/Faces/RobotoLight.ufont" 41
"../../../Engine/Content/EngineFonts/Faces/RobotoItalic.uexp" 42
"../../../Engine/Content/EngineFonts/Faces/RobotoItalic.uasset" 43
"../../../Engine/Content/EngineFonts/Faces/RobotoItalic.ufont" 44
"../../../Engine/Content/EngineFonts/Faces/RobotoBoldItalic.uexp" 45
"../../../Engine/Content/EngineFonts/Faces/RobotoBoldItalic.uasset" 46
"../../../Engine/Content/EngineFonts/Faces/RobotoBoldItalic.ufont" 47
"../../../Engine/Content/EngineFonts/Faces/RobotoBold.uexp" 48
"../../../Engine/Content/EngineFonts/Faces/RobotoBold.uasset" 49
"../../../Engine/Content/EngineFonts/Faces/RobotoBold.ufont" 50
"../../../Engine/Content/EngineFonts/Roboto.uasset" 51
"../../../Engine/Content/EngineFonts/Roboto.uexp" 52
"../../../Engine/Content/EngineFonts/Faces/DroidSansMono.uexp" 53
"../../../Engine/Content/EngineFonts/Faces/DroidSansMono.uasset" 54
"../../../Engine/Content/EngineFonts/Faces/DroidSansMono.ufont" 55
"../../../Engine/Content/EngineFonts/DroidSansMono.uasset" 56
"../../../Engine/Content/EngineFonts/DroidSansMono.uexp" 57
"../../../Engine/Content/EngineResources/GradientTexture0.uasset" 58
"../../../Engine/Content/EngineResources/GradientTexture0.uexp" 59
"../../../Engine/Content/EngineResources/Black.uasset" 60
"../../../Engine/Content/EngineResources/Black.uexp" 61
"../../../Engine/Content/EditorResources/S_Actor.ubulk" 62
"../../../Engine/Content/EditorResources/S_Actor.uasset" 63
"../../../Engine/Content/EditorResources/S_Actor.uexp" 64
"../../../Engine/Content/EditorResources/S_Trigger.ubulk" 65
"../../../Engine/Content/EditorResources/S_Trigger.uasset" 66
"../../../Engine/Content/EditorResources/S_Trigger.uexp" 67
"../../../Engine/Content/EditorResources/S_BoxReflectionCapture.uasset" 68
"../../../Engine/Content/EditorResources/S_BoxReflectionCapture.uexp" 69
"../../../Engine/Content/EngineResources/DefaultTexture.ubulk" 70
"../../../Engine/Content/EngineResources/DefaultTexture.uasset" 71
"../../../Engine/Content/EngineResources/DefaultTexture.uexp" 72
"../../../Engine/Content/EditorResources/S_TriggerBox.uasset" 73
"../../../Engine/Content/EditorResources/S_TriggerBox.uexp" 74
"../../../Engine/Content/EditorResources/S_TriggerCapsule.uasset" 75
"../../../Engine/Content/EditorResources/S_TriggerCapsule.uexp" 76
"../../../Engine/Content/EditorResources/S_TriggerSphere.uasset" 77
"../../../Engine/Content/EditorResources/S_TriggerSphere.uexp" 78
"../../../Engine/Content/EngineMeshes/Sphere.ubulk" 79
"../../../Engine/Content/EngineMeshes/Sphere.uasset" 80
"../../../Engine/Content/EngineMeshes/Sphere.uexp" 81
"../../../Engine/Content/EngineResources/DefaultTextureCube.uasset" 82
"../../../Engine/Content/EngineResources/DefaultTextureCube.uexp" 83
"../../../Engine/Plugins/2D/Paper2D/Content/DefaultSpriteMaterial.uasset" 84
"../../../Engine/Plugins/2D/Paper2D/Content/DefaultSpriteMaterial.uexp" 85
"../../../Engine/Plugins/2D/Paper2D/Content/OpaqueUnlitSpriteMaterial.uasset" 86
"../../../Engine/Plugins/2D/Paper2D/Content/OpaqueUnlitSpriteMaterial.uexp" 87
"../../../Engine/Plugins/2D/Paper2D/Content/MaskedUnlitSpriteMaterial.uasset" 88
"../../../Engine/Plugins/2D/Paper2D/Content/MaskedUnlitSpriteMaterial.uexp" 89
"../../../Engine/Plugins/NNE/NNEDenoiser/Content/NNE_oidn2-3-0_rt_hdr_calb_cnrm_large__dyn__fp16_opset11_ForwardAlpha.uasset" 90
"../../../Engine/Plugins/NNE/NNEDenoiser/Content/NNE_oidn2-3-0_rt_hdr_calb_cnrm_large__dyn__fp16_opset11_ForwardAlpha.uexp" 91
"../../../Engine/Plugins/NNE/NNEDenoiser/Content/NNE_oidn2-3-0_rt_hdr_calb_cnrm_large__dyn__fp16_opset11_DenoiseAlpha.uasset" 92
"../../../Engine/Plugins/NNE/NNEDenoiser/Content/NNE_oidn2-3-0_rt_hdr_calb_cnrm_large__dyn__fp16_opset11_DenoiseAlpha.uexp" 93
"../../../Engine/Plugins/NNE/NNEDenoiser/Content/NNE_oidn2-3-0_rt_hdr_alb_nrm__dyn__fp16_opset11_ForwardAlpha.uasset" 94
"../../../Engine/Plugins/NNE/NNEDenoiser/Content/NNE_oidn2-3-0_rt_hdr_alb_nrm__dyn__fp16_opset11_ForwardAlpha.uexp" 95
"../../../Engine/Plugins/NNE/NNEDenoiser/Content/NNE_oidn2-3-0_rt_hdr_alb_nrm__dyn__fp16_opset11_DenoiseAlpha.uasset" 96
"../../../Engine/Plugins/NNE/NNEDenoiser/Content/NNE_oidn2-3-0_rt_hdr_alb_nrm__dyn__fp16_opset11_DenoiseAlpha.uexp" 97
"../../../Engine/Plugins/NNE/NNEDenoiser/Content/NNE_oidn2-3-0_rt_hdr_alb_nrm_small__dyn__fp16_opset11_ForwardAlpha.uasset" 98
"../../../Engine/Plugins/NNE/NNEDenoiser/Content/NNE_oidn2-3-0_rt_hdr_alb_nrm_small__dyn__fp16_opset11_ForwardAlpha.uexp" 99
"../../../Engine/Plugins/NNE/NNEDenoiser/Content/NNE_oidn2-3-0_rt_hdr_alb_nrm_small__dyn__fp16_opset11_DenoiseAlpha.uasset" 100
"../../../Engine/Plugins/NNE/NNEDenoiser/Content/NNE_oidn2-3-0_rt_hdr_alb_nrm_small__dyn__fp16_opset11_DenoiseAlpha.uexp" 101
"../../../Engine/Plugins/NNE/NNEDenoiser/Content/NNEDTOM_Output_Default.uasset" 102
"../../../Engine/Plugins/NNE/NNEDenoiser/Content/NNEDTOM_Output_Default.uexp" 103
"../../../Engine/Plugins/NNE/NNEDenoiser/Content/NNEDTOM_Output_Alpha.uasset" 104
"../../../Engine/Plugins/NNE/NNEDenoiser/Content/NNEDTOM_Output_Alpha.uexp" 105
"../../../Engine/Plugins/NNE/NNEDenoiser/Content/NNEDTIM_ColorAlbedoNormal_Default.uasset" 106
"../../../Engine/Plugins/NNE/NNEDenoiser/Content/NNEDTIM_ColorAlbedoNormal_Default.uexp" 107
"../../../Engine/Plugins/NNE/NNEDenoiser/Content/NNEDTIM_ColorAlbedoNormal_Alpha.uasset" 108
"../../../Engine/Plugins/NNE/NNEDenoiser/Content/NNEDTIM_ColorAlbedoNormal_Alpha.uexp" 109
"../../../Engine/Plugins/NNE/NNEDenoiser/Content/NNEDOM_Output_Default.uasset" 110
"../../../Engine/Plugins/NNE/NNEDenoiser/Content/NNEDOM_Output_Default.uexp" 111
"../../../Engine/Plugins/NNE/NNEDenoiser/Content/NNEDOM_Output_Alpha.uasset" 112
"../../../Engine/Plugins/NNE/NNEDenoiser/Content/NNEDOM_Output_Alpha.uexp" 113
"../../../Engine/Plugins/NNE/NNEDenoiser/Content/NNEDIM_HighQuality_Default.uasset" 114
"../../../Engine/Plugins/NNE/NNEDenoiser/Content/NNEDIM_HighQuality_Default.uexp" 115
"../../../Engine/Plugins/NNE/NNEDenoiser/Content/NNEDIM_HighQuality_Alpha.uasset" 116
"../../../Engine/Plugins/NNE/NNEDenoiser/Content/NNEDIM_HighQuality_Alpha.uexp" 117
"../../../Engine/Plugins/NNE/NNEDenoiser/Content/NNEDIM_ColorAlbedoNormal_Default.uasset" 118
"../../../Engine/Plugins/NNE/NNEDenoiser/Content/NNEDIM_ColorAlbedoNormal_Default.uexp" 119
"../../../Engine/Plugins/NNE/NNEDenoiser/Content/NNEDIM_ColorAlbedoNormal_Alpha.uasset" 120
"../../../Engine/Plugins/NNE/NNEDenoiser/Content/NNEDIM_ColorAlbedoNormal_Alpha.uexp" 121
"../../../Engine/Content/EngineMaterials/T_Default_Material_Grid_M.ubulk" 122
"../../../Engine/Content/EngineMaterials/T_Default_Material_Grid_M.uasset" 123
"../../../Engine/Content/EngineMaterials/T_Default_Material_Grid_M.uexp" 124
"../../../Engine/Content/Functions/Engine_MaterialFunctions01/Opacity/CameraDepthFade.uasset" 125
"../../../Engine/Content/Functions/Engine_MaterialFunctions01/Opacity/CameraDepthFade.uexp" 126
"../../../Engine/Content/EngineMaterials/T_Default_Material_Grid_N.ubulk" 127
"../../../Engine/Content/EngineMaterials/T_Default_Material_Grid_N.uasset" 128
"../../../Engine/Content/EngineMaterials/T_Default_Material_Grid_N.uexp" 129
"../../../Engine/Content/EngineMaterials/WorldGridMaterial.uasset" 130
"../../../Engine/Content/EngineMaterials/WorldGridMaterial.uexp" 131
"../../../Engine/Plugins/Media/MediaPlate/Content/SM_MediaPlateScreen.ubulk" 132
"../../../Engine/Plugins/Media/MediaPlate/Content/SM_MediaPlateScreen.uasset" 133
"../../../Engine/Plugins/Media/MediaPlate/Content/SM_MediaPlateScreen.uexp" 134
"../../../Engine/Plugins/Media/MediaPlate/Content/T_MediaPlate.uasset" 135
"../../../Engine/Plugins/Media/MediaPlate/Content/T_MediaPlate.uexp" 136
"../../../Engine/Plugins/Media/MediaPlate/Content/M_MediaPlate_Opaque.uasset" 137
"../../../Engine/Plugins/Media/MediaPlate/Content/M_MediaPlate_Opaque.uexp" 138
"../../../Engine/Content/Functions/Engine_MaterialFunctions02/WorldPositionOffset/CameraOffset.uasset" 139
"../../../Engine/Content/Functions/Engine_MaterialFunctions02/WorldPositionOffset/CameraOffset.uexp" 140
"../../../Engine/Plugins/Animation/ControlRig/Content/M_Manip.uasset" 141
"../../../Engine/Plugins/Animation/ControlRig/Content/M_Manip.uexp" 142
"../../../Engine/Content/EngineMaterials/DefaultMaterial.uasset" 143
"../../../Engine/Content/EngineMaterials/DefaultMaterial.uexp" 144
"../../../Engine/Content/BasicShapes/Sphere.ubulk" 145
"../../../Engine/Content/BasicShapes/Sphere.uasset" 146
"../../../Engine/Content/BasicShapes/Sphere.uexp" 147
"../../../Engine/Content/BasicShapes/Plane.ubulk" 148
"../../../Engine/Content/BasicShapes/Plane.uasset" 149
"../../../Engine/Content/BasicShapes/Plane.uexp" 150
"../../../Engine/Content/BasicShapes/Cylinder.ubulk" 151
"../../../Engine/Content/BasicShapes/Cylinder.uasset" 152
"../../../Engine/Content/BasicShapes/Cylinder.uexp" 153
"../../../Engine/Content/BasicShapes/Cube.ubulk" 154
"../../../Engine/Content/BasicShapes/Cube.uasset" 155
"../../../Engine/Content/BasicShapes/Cube.uexp" 156
"../../../Engine/Content/BasicShapes/Cone.ubulk" 157
"../../../Engine/Content/BasicShapes/Cone.uasset" 158
"../../../Engine/Content/BasicShapes/Cone.uexp" 159
"../../../Engine/Content/BasicShapes/BasicShapeMaterial.uasset" 160
"../../../Engine/Content/BasicShapes/BasicShapeMaterial.uexp" 161
"C:/Users/eyimofe/Documents/Unreal Projects/Year 3/GiveMePurpose/Content/Assets/Labels/RoomLabels/NameLabelDraft.uasset" 162
"C:/Users/eyimofe/Documents/Unreal Projects/Year 3/GiveMePurpose/Content/Assets/Labels/RoomLabels/NameLabelDraft.uexp" 163
"C:/Users/eyimofe/Documents/Unreal Projects/Year 3/GiveMePurpose/Content/Blueprints/BP_Label.uasset" 164
"C:/Users/eyimofe/Documents/Unreal Projects/Year 3/GiveMePurpose/Content/Blueprints/BP_Label.uexp" 165
"../../../Engine/Plugins/VirtualProduction/CameraCalibrationCore/Content/Materials/M_DefaultOddSquare.uasset" 166
"../../../Engine/Plugins/VirtualProduction/CameraCalibrationCore/Content/Materials/M_DefaultOddSquare.uexp" 167
"../../../Engine/Plugins/VirtualProduction/CameraCalibrationCore/Content/Materials/M_DefaultEvenSquare.uasset" 168
"../../../Engine/Plugins/VirtualProduction/CameraCalibrationCore/Content/Materials/M_DefaultEvenSquare.uexp" 169
"../../../Engine/Plugins/Runtime/HairStrands/Content/Materials/HairMeshesDefaultMaterial.uasset" 170
"../../../Engine/Plugins/Runtime/HairStrands/Content/Materials/HairMeshesDefaultMaterial.uexp" 171
"../../../Engine/Plugins/Runtime/HairStrands/Content/Materials/HairDefaultMaterial.uasset" 172
"../../../Engine/Plugins/Runtime/HairStrands/Content/Materials/HairDefaultMaterial.uexp" 173
"../../../Engine/Content/Functions/Engine_MaterialFunctions02/Utility/MakeFloat2.uasset" 174
"../../../Engine/Content/Functions/Engine_MaterialFunctions02/Utility/MakeFloat2.uexp" 175
"../../../Engine/Plugins/Runtime/HairStrands/Content/Materials/HairGroupColors.uasset" 176
"../../../Engine/Plugins/Runtime/HairStrands/Content/Materials/HairGroupColors.uexp" 177
"../../../Engine/Content/EngineMaterials/HairColorMap.uasset" 178
"../../../Engine/Content/EngineMaterials/HairColorMap.uexp" 179
"../../../Engine/Content/EngineMaterials/HairDebugColor.uasset" 180
"../../../Engine/Content/EngineMaterials/HairDebugColor.uexp" 181
"../../../Engine/Content/Functions/Engine_MaterialFunctions02/Utility/MakeFloat3.uasset" 182
"../../../Engine/Content/Functions/Engine_MaterialFunctions02/Utility/MakeFloat3.uexp" 183
"../../../Engine/Plugins/Runtime/HairStrands/Content/Materials/HairDebugMaterial.uasset" 184
"../../../Engine/Plugins/Runtime/HairStrands/Content/Materials/HairDebugMaterial.uexp" 185
"../../../Engine/Plugins/Runtime/HairStrands/Content/Materials/HairCardsDefaultMaterial.uasset" 186
"../../../Engine/Plugins/Runtime/HairStrands/Content/Materials/HairCardsDefaultMaterial.uexp" 187
"../../../Engine/Plugins/Runtime/AudioWidgets/Content/Resources/ScrubHandleDown_Clamped.uasset" 188
"../../../Engine/Plugins/Runtime/AudioWidgets/Content/Resources/ScrubHandleDown_Clamped.uexp" 189
"../../../Engine/Plugins/Interchange/Assets/Content/Functions/MX_UsdPreviewSurface.uasset" 190
"../../../Engine/Plugins/Interchange/Assets/Content/Functions/MX_UsdPreviewSurface.uexp" 191
"../../../Engine/Plugins/Interchange/Assets/Content/Functions/MX_UniformEDF.uasset" 192
"../../../Engine/Plugins/Interchange/Assets/Content/Functions/MX_UniformEDF.uexp" 193
"../../../Engine/Plugins/Interchange/Assets/Content/Functions/MX_TranslucentBSDF.uasset" 194
"../../../Engine/Plugins/Interchange/Assets/Content/Functions/MX_TranslucentBSDF.uexp" 195
"../../../Engine/Plugins/Interchange/Assets/Content/Functions/MX_ThinFilmBSDF.uasset" 196
"../../../Engine/Plugins/Interchange/Assets/Content/Functions/MX_ThinFilmBSDF.uexp" 197
"../../../Engine/Plugins/Interchange/Assets/Content/Functions/MX_SurfaceUnlit.uasset" 198
"../../../Engine/Plugins/Interchange/Assets/Content/Functions/MX_SurfaceUnlit.uexp" 199
"../../../Engine/Plugins/Interchange/Assets/Content/Functions/MX_Surface.uasset" 200
"../../../Engine/Plugins/Interchange/Assets/Content/Functions/MX_Surface.uexp" 201
"../../../Engine/Plugins/Interchange/Assets/Content/Functions/MX_SubsurfaceBSDF.uasset" 202
"../../../Engine/Plugins/Interchange/Assets/Content/Functions/MX_SubsurfaceBSDF.uexp" 203
"../../../Engine/Plugins/Interchange/Assets/Content/Functions/MX_SheenBSDF.uasset" 204
"../../../Engine/Plugins/Interchange/Assets/Content/Functions/MX_SheenBSDF.uexp" 205
"../../../Engine/Plugins/Interchange/Assets/Content/Functions/MX_OrenNayarBSDF.uasset" 206
"../../../Engine/Plugins/Interchange/Assets/Content/Functions/MX_OrenNayarBSDF.uexp" 207
"../../../Engine/Plugins/Interchange/Assets/Content/Functions/MF_IridescenceNoLUT.uasset" 208
"../../../Engine/Plugins/Interchange/Assets/Content/Functions/MF_IridescenceNoLUT.uexp" 209
"../../../Engine/Plugins/Interchange/Assets/Content/Functions/MX_StandardSurface.uasset" 210
"../../../Engine/Plugins/Interchange/Assets/Content/Functions/MX_StandardSurface.uexp" 211
"../../../Engine/Plugins/Interchange/Assets/Content/Functions/MX_TransmissionSurface.uasset" 212
"../../../Engine/Plugins/Interchange/Assets/Content/Functions/MX_TransmissionSurface.uexp" 213
"../../../Engine/Plugins/Interchange/Assets/Content/Functions/MX_OpenPBR_Translucent.uasset" 214
"../../../Engine/Plugins/Interchange/Assets/Content/Functions/MX_OpenPBR_Translucent.uexp" 215
"../../../Engine/Plugins/Interchange/Assets/Content/Functions/MX_OpenPBR_Opaque.uasset" 216
"../../../Engine/Plugins/Interchange/Assets/Content/Functions/MX_OpenPBR_Opaque.uexp" 217
"../../../Engine/Plugins/Interchange/Assets/Content/Functions/MX_MeasuredEDF.uasset" 218
"../../../Engine/Plugins/Interchange/Assets/Content/Functions/MX_MeasuredEDF.uexp" 219
"../../../Engine/Plugins/Interchange/Assets/Content/Functions/MX_GeneralizedSchlickBSDF.uasset" 220
"../../../Engine/Plugins/Interchange/Assets/Content/Functions/MX_GeneralizedSchlickBSDF.uexp" 221
"../../../Engine/Plugins/Interchange/Assets/Content/Functions/MX_Displacement.uasset" 222
"../../../Engine/Plugins/Interchange/Assets/Content/Functions/MX_Displacement.uexp" 223
"../../../Engine/Plugins/Interchange/Assets/Content/Functions/MX_DielectricBSDF.uasset" 224
"../../../Engine/Plugins/Interchange/Assets/Content/Functions/MX_DielectricBSDF.uexp" 225
"../../../Engine/Plugins/Interchange/Assets/Content/Functions/MX_ConicalEDF.uasset" 226
"../../../Engine/Plugins/Interchange/Assets/Content/Functions/MX_ConicalEDF.uexp" 227
"../../../Engine/Plugins/Interchange/Assets/Content/Functions/MX_ConductorBSDF.uasset" 228
"../../../Engine/Plugins/Interchange/Assets/Content/Functions/MX_ConductorBSDF.uexp" 229
"../../../Engine/Plugins/Interchange/Assets/Content/Functions/MX_BurleyDiffuseBSDF.uasset" 230
"../../../Engine/Plugins/Interchange/Assets/Content/Functions/MX_BurleyDiffuseBSDF.uexp" 231
"../../../Engine/Plugins/Interchange/Assets/Content/Functions/MX_AnisotropicVDF.uasset" 232
"../../../Engine/Plugins/Interchange/Assets/Content/Functions/MX_AnisotropicVDF.uexp" 233
"../../../Engine/Plugins/Interchange/Assets/Content/Functions/MX_AbsorptionVDF.uasset" 234
"../../../Engine/Plugins/Interchange/Assets/Content/Functions/MX_AbsorptionVDF.uexp" 235
"../../../Engine/Content/Functions/Engine_MaterialFunctions02/Utility/VectorLength.uasset" 236
"../../../Engine/Content/Functions/Engine_MaterialFunctions02/Utility/VectorLength.uexp" 237
"../../../Engine/Content/Functions/Engine_MaterialFunctions02/Utility/BreakOutFloat3Components.uasset" 238
"../../../Engine/Content/Functions/Engine_MaterialFunctions02/Utility/BreakOutFloat3Components.uexp" 239
"../../../Engine/Content/Functions/Engine_MaterialFunctions02/WorldPositionOffset/ObjectScale.uasset" 240
"../../../Engine/Content/Functions/Engine_MaterialFunctions02/WorldPositionOffset/ObjectScale.uexp" 241
"../../../Engine/Content/Functions/Engine_MaterialFunctions02/SafeNormalize.uasset" 242
"../../../Engine/Content/Functions/Engine_MaterialFunctions02/SafeNormalize.uexp" 243
"../../../Engine/Plugins/Editor/SpeedTreeImporter/Content/SpeedTree9/UnpackInteger3.uasset" 244
"../../../Engine/Plugins/Editor/SpeedTreeImporter/Content/SpeedTree9/UnpackInteger3.uexp" 245
"../../../Engine/Plugins/Editor/SpeedTreeImporter/Content/SpeedTree9/UnpackDirection.uasset" 246
"../../../Engine/Plugins/Editor/SpeedTreeImporter/Content/SpeedTree9/UnpackDirection.uexp" 247
"../../../Engine/Plugins/Editor/SpeedTreeImporter/Content/SpeedTree9/game_wind_noise.ubulk" 248
"../../../Engine/Plugins/Editor/SpeedTreeImporter/Content/SpeedTree9/game_wind_noise.uasset" 249
"../../../Engine/Plugins/Editor/SpeedTreeImporter/Content/SpeedTree9/game_wind_noise.uexp" 250
"../../../Engine/Plugins/Editor/SpeedTreeImporter/Content/SpeedTree9/SpeedTreeWindMotion.uasset" 251
"../../../Engine/Plugins/Editor/SpeedTreeImporter/Content/SpeedTree9/SpeedTreeWindMotion.uexp" 252
"../../../Engine/Plugins/Editor/SpeedTreeImporter/Content/SpeedTree9/SpeedTreeBranchMotion.uasset" 253
"../../../Engine/Plugins/Editor/SpeedTreeImporter/Content/SpeedTree9/SpeedTreeBranchMotion.uexp" 254
"../../../Engine/Content/Functions/Engine_MaterialFunctions02/ObjectLocalBounds.uasset" 255
"../../../Engine/Content/Functions/Engine_MaterialFunctions02/ObjectLocalBounds.uexp" 256
"../../../Engine/Content/Functions/Engine_MaterialFunctions02/UVs/BoundingBoxBased_0-1_UVW.uasset" 257
"../../../Engine/Content/Functions/Engine_MaterialFunctions02/UVs/BoundingBoxBased_0-1_UVW.uexp" 258
"../../../Engine/Plugins/Editor/SpeedTreeImporter/Content/SpeedTree9/SpeedTreeWind.uasset" 259
"../../../Engine/Plugins/Editor/SpeedTreeImporter/Content/SpeedTree9/SpeedTreeWind.uexp" 260
"../../../Engine/Plugins/Editor/SpeedTreeImporter/Content/SpeedTree9/SpeedTreeCameraFacing.uasset" 261
"../../../Engine/Plugins/Editor/SpeedTreeImporter/Content/SpeedTree9/SpeedTreeCameraFacing.uexp" 262
"../../../Engine/Plugins/Editor/SpeedTreeImporter/Content/SpeedTree9/EmptyNormal.uasset" 263
"../../../Engine/Plugins/Editor/SpeedTreeImporter/Content/SpeedTree9/EmptyNormal.uexp" 264
"../../../Engine/Plugins/Editor/SpeedTreeImporter/Content/SpeedTree9/Empty.uasset" 265
"../../../Engine/Plugins/Editor/SpeedTreeImporter/Content/SpeedTree9/Empty.uexp" 266
"../../../Engine/Plugins/Editor/SpeedTreeImporter/Content/SpeedTree9/SpeedTreeMaster.uasset" 267
"../../../Engine/Plugins/Editor/SpeedTreeImporter/Content/SpeedTree9/SpeedTreeMaster.uexp" 268
"../../../Engine/Plugins/Editor/SpeedTreeImporter/Content/SpeedTree9/SpeedTreeBillboard.uasset" 269
"../../../Engine/Plugins/Editor/SpeedTreeImporter/Content/SpeedTree9/SpeedTreeBillboard.uexp" 270
"../../../Engine/Plugins/Editor/SpeedTreeImporter/Content/SpeedTree9/SpeedTreeBillboardMaster.uasset" 271
"../../../Engine/Plugins/Editor/SpeedTreeImporter/Content/SpeedTree9/SpeedTreeBillboardMaster.uexp" 272
"../../../Engine/Plugins/Animation/ControlRig/Content/Controls/ControlRig_Wedge_solid.ubulk" 273
"../../../Engine/Plugins/Animation/ControlRig/Content/Controls/ControlRig_Wedge_solid.uasset" 274
"../../../Engine/Plugins/Animation/ControlRig/Content/Controls/ControlRig_Wedge_solid.uexp" 275
"../../../Engine/Plugins/Animation/ControlRig/Content/Controls/ControlRig_Wedge_3mm.ubulk" 276
"../../../Engine/Plugins/Animation/ControlRig/Content/Controls/ControlRig_Wedge_3mm.uasset" 277
"../../../Engine/Plugins/Animation/ControlRig/Content/Controls/ControlRig_Wedge_3mm.uexp" 278
"../../../Engine/Plugins/Animation/ControlRig/Content/Controls/ControlRig_Wedge_1mm.ubulk" 279
"../../../Engine/Plugins/Animation/ControlRig/Content/Controls/ControlRig_Wedge_1mm.uasset" 280
"../../../Engine/Plugins/Animation/ControlRig/Content/Controls/ControlRig_Wedge_1mm.uexp" 281
"../../../Engine/Plugins/Animation/ControlRig/Content/Controls/ControlRig_Triangle_solid.ubulk" 282
"../../../Engine/Plugins/Animation/ControlRig/Content/Controls/ControlRig_Triangle_solid.uasset" 283
"../../../Engine/Plugins/Animation/ControlRig/Content/Controls/ControlRig_Triangle_solid.uexp" 284
"../../../Engine/Plugins/Animation/ControlRig/Content/Controls/ControlRig_Triangle_3mm.ubulk" 285
"../../../Engine/Plugins/Animation/ControlRig/Content/Controls/ControlRig_Triangle_3mm.uasset" 286
"../../../Engine/Plugins/Animation/ControlRig/Content/Controls/ControlRig_Triangle_3mm.uexp" 287
"../../../Engine/Plugins/Animation/ControlRig/Content/Controls/ControlRig_Triangle_1mm.ubulk" 288
"../../../Engine/Plugins/Animation/ControlRig/Content/Controls/ControlRig_Triangle_1mm.uasset" 289
"../../../Engine/Plugins/Animation/ControlRig/Content/Controls/ControlRig_Triangle_1mm.uexp" 290
"../../../Engine/Plugins/Animation/ControlRig/Content/Controls/ControlRig_Star4_solid.ubulk" 291
"../../../Engine/Plugins/Animation/ControlRig/Content/Controls/ControlRig_Star4_solid.uasset" 292
"../../../Engine/Plugins/Animation/ControlRig/Content/Controls/ControlRig_Star4_solid.uexp" 293
"../../../Engine/Plugins/Animation/ControlRig/Content/Controls/ControlRig_Star4_3mm.ubulk" 294
"../../../Engine/Plugins/Animation/ControlRig/Content/Controls/ControlRig_Star4_3mm.uasset" 295
"../../../Engine/Plugins/Animation/ControlRig/Content/Controls/ControlRig_Star4_3mm.uexp" 296
"../../../Engine/Plugins/Animation/ControlRig/Content/Controls/ControlRig_Star4_1mm.ubulk" 297
"../../../Engine/Plugins/Animation/ControlRig/Content/Controls/ControlRig_Star4_1mm.uasset" 298
"../../../Engine/Plugins/Animation/ControlRig/Content/Controls/ControlRig_Star4_1mm.uexp" 299
"../../../Engine/Plugins/Animation/ControlRig/Content/Controls/ControlRig_Square_solid.ubulk" 300
"../../../Engine/Plugins/Animation/ControlRig/Content/Controls/ControlRig_Square_solid.uasset" 301
"../../../Engine/Plugins/Animation/ControlRig/Content/Controls/ControlRig_Square_solid.uexp" 302
"../../../Engine/Plugins/Animation/ControlRig/Content/Controls/ControlRig_Square_3mm.ubulk" 303
"../../../Engine/Plugins/Animation/ControlRig/Content/Controls/ControlRig_Square_3mm.uasset" 304
"../../../Engine/Plugins/Animation/ControlRig/Content/Controls/ControlRig_Square_3mm.uexp" 305
"../../../Engine/Plugins/Animation/ControlRig/Content/Controls/ControlRig_Square_1mm.ubulk" 306
"../../../Engine/Plugins/Animation/ControlRig/Content/Controls/ControlRig_Square_1mm.uasset" 307
"../../../Engine/Plugins/Animation/ControlRig/Content/Controls/ControlRig_Square_1mm.uexp" 308
"../../../Engine/Plugins/Animation/ControlRig/Content/Controls/ControlRig_Sphere_solid.ubulk" 309
"../../../Engine/Plugins/Animation/ControlRig/Content/Controls/ControlRig_Sphere_solid.uasset" 310
"../../../Engine/Plugins/Animation/ControlRig/Content/Controls/ControlRig_Sphere_solid.uexp" 311
"../../../Engine/Plugins/Animation/ControlRig/Content/Controls/ControlRig_Sphere_3mm.ubulk" 312
"../../../Engine/Plugins/Animation/ControlRig/Content/Controls/ControlRig_Sphere_3mm.uasset" 313
"../../../Engine/Plugins/Animation/ControlRig/Content/Controls/ControlRig_Sphere_3mm.uexp" 314
"../../../Engine/Plugins/Animation/ControlRig/Content/Controls/ControlRig_Sphere_1mm.ubulk" 315
"../../../Engine/Plugins/Animation/ControlRig/Content/Controls/ControlRig_Sphere_1mm.uasset" 316
"../../../Engine/Plugins/Animation/ControlRig/Content/Controls/ControlRig_Sphere_1mm.uexp" 317
"../../../Engine/Plugins/Animation/ControlRig/Content/Controls/ControlRig_RoundedTriangle_solid.ubulk" 318
"../../../Engine/Plugins/Animation/ControlRig/Content/Controls/ControlRig_RoundedTriangle_solid.uasset" 319
"../../../Engine/Plugins/Animation/ControlRig/Content/Controls/ControlRig_RoundedTriangle_solid.uexp" 320
"../../../Engine/Plugins/Animation/ControlRig/Content/Controls/ControlRig_RoundedTriangle_3mm.ubulk" 321
"../../../Engine/Plugins/Animation/ControlRig/Content/Controls/ControlRig_RoundedTriangle_3mm.uasset" 322
"../../../Engine/Plugins/Animation/ControlRig/Content/Controls/ControlRig_RoundedTriangle_3mm.uexp" 323
"../../../Engine/Plugins/Animation/ControlRig/Content/Controls/ControlRig_RoundedTriangle_1mm.ubulk" 324
"../../../Engine/Plugins/Animation/ControlRig/Content/Controls/ControlRig_RoundedTriangle_1mm.uasset" 325
"../../../Engine/Plugins/Animation/ControlRig/Content/Controls/ControlRig_RoundedTriangle_1mm.uexp" 326
"../../../Engine/Plugins/Animation/ControlRig/Content/Controls/ControlRig_RoundedSquare_solid.ubulk" 327
"../../../Engine/Plugins/Animation/ControlRig/Content/Controls/ControlRig_RoundedSquare_solid.uasset" 328
"../../../Engine/Plugins/Animation/ControlRig/Content/Controls/ControlRig_RoundedSquare_solid.uexp" 329
"../../../Engine/Plugins/Animation/ControlRig/Content/Controls/ControlRig_RoundedSquare_3mm.ubulk" 330
"../../../Engine/Plugins/Animation/ControlRig/Content/Controls/ControlRig_RoundedSquare_3mm.uasset" 331
"../../../Engine/Plugins/Animation/ControlRig/Content/Controls/ControlRig_RoundedSquare_3mm.uexp" 332
"../../../Engine/Plugins/Animation/ControlRig/Content/Controls/ControlRig_RoundedSquare_1mm.ubulk" 333
"../../../Engine/Plugins/Animation/ControlRig/Content/Controls/ControlRig_RoundedSquare_1mm.uasset" 334
"../../../Engine/Plugins/Animation/ControlRig/Content/Controls/ControlRig_RoundedSquare_1mm.uexp" 335
"../../../Engine/Plugins/Animation/ControlRig/Content/Controls/ControlRig_QuarterCircle_solid.ubulk" 336
"../../../Engine/Plugins/Animation/ControlRig/Content/Controls/ControlRig_QuarterCircle_solid.uasset" 337
"../../../Engine/Plugins/Animation/ControlRig/Content/Controls/ControlRig_QuarterCircle_solid.uexp" 338
"../../../Engine/Plugins/Animation/ControlRig/Content/Controls/ControlRig_QuarterCircle_3mm.ubulk" 339
"../../../Engine/Plugins/Animation/ControlRig/Content/Controls/ControlRig_QuarterCircle_3mm.uasset" 340
"../../../Engine/Plugins/Animation/ControlRig/Content/Controls/ControlRig_QuarterCircle_3mm.uexp" 341
"../../../Engine/Plugins/Animation/ControlRig/Content/Controls/ControlRig_QuarterCircle_1mm.ubulk" 342
"../../../Engine/Plugins/Animation/ControlRig/Content/Controls/ControlRig_QuarterCircle_1mm.uasset" 343
"../../../Engine/Plugins/Animation/ControlRig/Content/Controls/ControlRig_QuarterCircle_1mm.uexp" 344
"../../../Engine/Plugins/Animation/ControlRig/Content/Controls/ControlRig_Pyramid_solid.ubulk" 345
"../../../Engine/Plugins/Animation/ControlRig/Content/Controls/ControlRig_Pyramid_solid.uasset" 346
"../../../Engine/Plugins/Animation/ControlRig/Content/Controls/ControlRig_Pyramid_solid.uexp" 347
"../../../Engine/Plugins/Animation/ControlRig/Content/Controls/ControlRig_Pyramid_3mm.ubulk" 348
"../../../Engine/Plugins/Animation/ControlRig/Content/Controls/ControlRig_Pyramid_3mm.uasset" 349
"../../../Engine/Plugins/Animation/ControlRig/Content/Controls/ControlRig_Pyramid_3mm.uexp" 350
"../../../Engine/Plugins/Animation/ControlRig/Content/Controls/ControlRig_Pyramid_1mm.ubulk" 351
"../../../Engine/Plugins/Animation/ControlRig/Content/Controls/ControlRig_Pyramid_1mm.uasset" 352
"../../../Engine/Plugins/Animation/ControlRig/Content/Controls/ControlRig_Pyramid_1mm.uexp" 353
"../../../Engine/Plugins/Animation/ControlRig/Content/Controls/ControlRig_Octagon_solid.ubulk" 354
"../../../Engine/Plugins/Animation/ControlRig/Content/Controls/ControlRig_Octagon_solid.uasset" 355
"../../../Engine/Plugins/Animation/ControlRig/Content/Controls/ControlRig_Octagon_solid.uexp" 356
"../../../Engine/Plugins/Animation/ControlRig/Content/Controls/ControlRig_Octagon_3mm.ubulk" 357
"../../../Engine/Plugins/Animation/ControlRig/Content/Controls/ControlRig_Octagon_3mm.uasset" 358
"../../../Engine/Plugins/Animation/ControlRig/Content/Controls/ControlRig_Octagon_3mm.uexp" 359
"../../../Engine/Plugins/Animation/ControlRig/Content/Controls/ControlRig_Octagon_1mm.ubulk" 360
"../../../Engine/Plugins/Animation/ControlRig/Content/Controls/ControlRig_Octagon_1mm.uasset" 361
"../../../Engine/Plugins/Animation/ControlRig/Content/Controls/ControlRig_Octagon_1mm.uexp" 362
"../../../Engine/Plugins/Animation/ControlRig/Content/Controls/ControlRig_Hexagon_solid.ubulk" 363
"../../../Engine/Plugins/Animation/ControlRig/Content/Controls/ControlRig_Hexagon_solid.uasset" 364
"../../../Engine/Plugins/Animation/ControlRig/Content/Controls/ControlRig_Hexagon_solid.uexp" 365
"../../../Engine/Plugins/Animation/ControlRig/Content/Controls/ControlRig_Hexagon_3mm.ubulk" 366
"../../../Engine/Plugins/Animation/ControlRig/Content/Controls/ControlRig_Hexagon_3mm.uasset" 367
"../../../Engine/Plugins/Animation/ControlRig/Content/Controls/ControlRig_Hexagon_3mm.uexp" 368
"../../../Engine/Plugins/Animation/ControlRig/Content/Controls/ControlRig_Hexagon_1mm.ubulk" 369
"../../../Engine/Plugins/Animation/ControlRig/Content/Controls/ControlRig_Hexagon_1mm.uasset" 370
"../../../Engine/Plugins/Animation/ControlRig/Content/Controls/ControlRig_Hexagon_1mm.uexp" 371
"../../../Engine/Plugins/Animation/ControlRig/Content/Controls/ControlRig_HalfCircle_solid.ubulk" 372
"../../../Engine/Plugins/Animation/ControlRig/Content/Controls/ControlRig_HalfCircle_solid.uasset" 373
"../../../Engine/Plugins/Animation/ControlRig/Content/Controls/ControlRig_HalfCircle_solid.uexp" 374
"../../../Engine/Plugins/Animation/ControlRig/Content/Controls/ControlRig_HalfCircle_3mm.ubulk" 375
"../../../Engine/Plugins/Animation/ControlRig/Content/Controls/ControlRig_HalfCircle_3mm.uasset" 376
"../../../Engine/Plugins/Animation/ControlRig/Content/Controls/ControlRig_HalfCircle_3mm.uexp" 377
"../../../Engine/Plugins/Animation/ControlRig/Content/Controls/ControlRig_HalfCircle_1mm.ubulk" 378
"../../../Engine/Plugins/Animation/ControlRig/Content/Controls/ControlRig_HalfCircle_1mm.uasset" 379
"../../../Engine/Plugins/Animation/ControlRig/Content/Controls/ControlRig_HalfCircle_1mm.uexp" 380
"../../../Engine/Plugins/Animation/ControlRig/Content/Controls/ControlRig_Diamond_solid.ubulk" 381
"../../../Engine/Plugins/Animation/ControlRig/Content/Controls/ControlRig_Diamond_solid.uasset" 382
"../../../Engine/Plugins/Animation/ControlRig/Content/Controls/ControlRig_Diamond_solid.uexp" 383
"../../../Engine/Plugins/Animation/ControlRig/Content/Controls/ControlRig_Diamond_3mm.ubulk" 384
"../../../Engine/Plugins/Animation/ControlRig/Content/Controls/ControlRig_Diamond_3mm.uasset" 385
"../../../Engine/Plugins/Animation/ControlRig/Content/Controls/ControlRig_Diamond_3mm.uexp" 386
"../../../Engine/Plugins/Animation/ControlRig/Content/Controls/ControlRig_Diamond_1mm.ubulk" 387
"../../../Engine/Plugins/Animation/ControlRig/Content/Controls/ControlRig_Diamond_1mm.uasset" 388
"../../../Engine/Plugins/Animation/ControlRig/Content/Controls/ControlRig_Diamond_1mm.uexp" 389
"../../../Engine/Plugins/Animation/ControlRig/Content/Controls/ControlRig_Circle_solid.ubulk" 390
"../../../Engine/Plugins/Animation/ControlRig/Content/Controls/ControlRig_Circle_solid.uasset" 391
"../../../Engine/Plugins/Animation/ControlRig/Content/Controls/ControlRig_Circle_solid.uexp" 392
"../../../Engine/Plugins/Animation/ControlRig/Content/Controls/ControlRig_Circle_3mm.ubulk" 393
"../../../Engine/Plugins/Animation/ControlRig/Content/Controls/ControlRig_Circle_3mm.uasset" 394
"../../../Engine/Plugins/Animation/ControlRig/Content/Controls/ControlRig_Circle_3mm.uexp" 395
"../../../Engine/Plugins/Animation/ControlRig/Content/Controls/ControlRig_Circle_1mm.ubulk" 396
"../../../Engine/Plugins/Animation/ControlRig/Content/Controls/ControlRig_Circle_1mm.uasset" 397
"../../../Engine/Plugins/Animation/ControlRig/Content/Controls/ControlRig_Circle_1mm.uexp" 398
"../../../Engine/Plugins/Animation/ControlRig/Content/Controls/ControlRig_Box_solid.ubulk" 399
"../../../Engine/Plugins/Animation/ControlRig/Content/Controls/ControlRig_Box_solid.uasset" 400
"../../../Engine/Plugins/Animation/ControlRig/Content/Controls/ControlRig_Box_solid.uexp" 401
"../../../Engine/Plugins/Animation/ControlRig/Content/Controls/ControlRig_Box_3mm.ubulk" 402
"../../../Engine/Plugins/Animation/ControlRig/Content/Controls/ControlRig_Box_3mm.uasset" 403
"../../../Engine/Plugins/Animation/ControlRig/Content/Controls/ControlRig_Box_3mm.uexp" 404
"../../../Engine/Plugins/Animation/ControlRig/Content/Controls/ControlRig_Box_1mm.ubulk" 405
"../../../Engine/Plugins/Animation/ControlRig/Content/Controls/ControlRig_Box_1mm.uasset" 406
"../../../Engine/Plugins/Animation/ControlRig/Content/Controls/ControlRig_Box_1mm.uexp" 407
"../../../Engine/Plugins/Animation/ControlRig/Content/Controls/ControlRig_Arrow_solid.ubulk" 408
"../../../Engine/Plugins/Animation/ControlRig/Content/Controls/ControlRig_Arrow_solid.uasset" 409
"../../../Engine/Plugins/Animation/ControlRig/Content/Controls/ControlRig_Arrow_solid.uexp" 410
"../../../Engine/Plugins/Animation/ControlRig/Content/Controls/ControlRig_Arrow_3mm.ubulk" 411
"../../../Engine/Plugins/Animation/ControlRig/Content/Controls/ControlRig_Arrow_3mm.uasset" 412
"../../../Engine/Plugins/Animation/ControlRig/Content/Controls/ControlRig_Arrow_3mm.uexp" 413
"../../../Engine/Plugins/Animation/ControlRig/Content/Controls/ControlRig_Arrow_1mm.ubulk" 414
"../../../Engine/Plugins/Animation/ControlRig/Content/Controls/ControlRig_Arrow_1mm.uasset" 415
"../../../Engine/Plugins/Animation/ControlRig/Content/Controls/ControlRig_Arrow_1mm.uexp" 416
"../../../Engine/Plugins/Animation/ControlRig/Content/Controls/ControlRig_Arrow4_solid.ubulk" 417
"../../../Engine/Plugins/Animation/ControlRig/Content/Controls/ControlRig_Arrow4_solid.uasset" 418
"../../../Engine/Plugins/Animation/ControlRig/Content/Controls/ControlRig_Arrow4_solid.uexp" 419
"../../../Engine/Plugins/Animation/ControlRig/Content/Controls/ControlRig_Arrow4_3mm.ubulk" 420
"../../../Engine/Plugins/Animation/ControlRig/Content/Controls/ControlRig_Arrow4_3mm.uasset" 421
"../../../Engine/Plugins/Animation/ControlRig/Content/Controls/ControlRig_Arrow4_3mm.uexp" 422
"../../../Engine/Plugins/Animation/ControlRig/Content/Controls/ControlRig_Arrow4_1mm.ubulk" 423
"../../../Engine/Plugins/Animation/ControlRig/Content/Controls/ControlRig_Arrow4_1mm.uasset" 424
"../../../Engine/Plugins/Animation/ControlRig/Content/Controls/ControlRig_Arrow4_1mm.uexp" 425
"../../../Engine/Plugins/Animation/ControlRig/Content/Controls/ControlRig_Arrow2_solid.ubulk" 426
"../../../Engine/Plugins/Animation/ControlRig/Content/Controls/ControlRig_Arrow2_solid.uasset" 427
"../../../Engine/Plugins/Animation/ControlRig/Content/Controls/ControlRig_Arrow2_solid.uexp" 428
"../../../Engine/Plugins/Animation/ControlRig/Content/Controls/ControlRig_Arrow2_3mm.ubulk" 429
"../../../Engine/Plugins/Animation/ControlRig/Content/Controls/ControlRig_Arrow2_3mm.uasset" 430
"../../../Engine/Plugins/Animation/ControlRig/Content/Controls/ControlRig_Arrow2_3mm.uexp" 431
"../../../Engine/Plugins/Animation/ControlRig/Content/Controls/ControlRig_Arrow2_1mm.ubulk" 432
"../../../Engine/Plugins/Animation/ControlRig/Content/Controls/ControlRig_Arrow2_1mm.uasset" 433
"../../../Engine/Plugins/Animation/ControlRig/Content/Controls/ControlRig_Arrow2_1mm.uexp" 434
"../../../Engine/Plugins/Animation/ControlRig/Content/Controls/ControlRigXRayMaterial.uasset" 435
"../../../Engine/Plugins/Animation/ControlRig/Content/Controls/ControlRigXRayMaterial.uexp" 436
"../../../Engine/Plugins/Animation/ControlRig/Content/Controls/ControlRigGizmoMaterial.uasset" 437
"../../../Engine/Plugins/Animation/ControlRig/Content/Controls/ControlRigGizmoMaterial.uexp" 438
"../../../Engine/Content/MapTemplates/SM_Template_Map_Floor.ubulk" 439
"../../../Engine/Content/MapTemplates/SM_Template_Map_Floor.uasset" 440
"../../../Engine/Content/MapTemplates/SM_Template_Map_Floor.uexp" 441
"../../../Engine/Content/EngineSky/T_Sky_Stars.ubulk" 442
"../../../Engine/Content/EngineSky/T_Sky_Stars.uasset" 443
"../../../Engine/Content/EngineSky/T_Sky_Stars.uexp" 444
"../../../Engine/Content/EngineSky/T_Sky_Clouds_M.ubulk" 445
"../../../Engine/Content/EngineSky/T_Sky_Clouds_M.uasset" 446
"../../../Engine/Content/EngineSky/T_Sky_Clouds_M.uexp" 447
"../../../Engine/Content/EngineSky/T_Sky_Blue.ubulk" 448
"../../../Engine/Content/EngineSky/T_Sky_Blue.uasset" 449
"../../../Engine/Content/EngineSky/T_Sky_Blue.uexp" 450
"../../../Engine/Content/EngineSky/M_Sky_Panning_Clouds2.uasset" 451
"../../../Engine/Content/EngineSky/M_Sky_Panning_Clouds2.uexp" 452
"../../../Engine/Content/EngineSky/SM_SkySphere.ubulk" 453
"../../../Engine/Content/EngineSky/SM_SkySphere.uasset" 454
"../../../Engine/Content/EngineSky/SM_SkySphere.uexp" 455
"../../../Engine/Content/EngineMeshes/BackgroundMaterial.uasset" 456
"../../../Engine/Content/EngineMeshes/BackgroundMaterial.uexp" 457
"../../../Engine/Content/EngineResources/WhiteSquareTexture.uasset" 458
"../../../Engine/Content/EngineResources/WhiteSquareTexture.uexp" 459
"../../../Engine/Content/EngineMaterials/Widget3DPassThrough.uasset" 460
"../../../Engine/Content/EngineMaterials/Widget3DPassThrough.uexp" 461
"../../../Engine/Content/EngineMaterials/Widget3DPassThrough_Translucent.uasset" 462
"../../../Engine/Content/EngineMaterials/Widget3DPassThrough_Translucent.uexp" 463
"../../../Engine/Content/EngineMaterials/Widget3DPassThrough_Translucent_OneSided.uasset" 464
"../../../Engine/Content/EngineMaterials/Widget3DPassThrough_Translucent_OneSided.uexp" 465
"../../../Engine/Content/EngineMaterials/Widget3DPassThrough_Opaque.uasset" 466
"../../../Engine/Content/EngineMaterials/Widget3DPassThrough_Opaque.uexp" 467
"../../../Engine/Content/EngineMaterials/Widget3DPassThrough_Opaque_OneSided.uasset" 468
"../../../Engine/Content/EngineMaterials/Widget3DPassThrough_Opaque_OneSided.uexp" 469
"../../../Engine/Content/EngineMaterials/Widget3DPassThrough_Masked_OneSided.uasset" 470
"../../../Engine/Content/EngineMaterials/Widget3DPassThrough_Masked_OneSided.uexp" 471
"../../../Engine/Content/EngineMaterials/Widget3DPassThrough_Masked.uasset" 472
"../../../Engine/Content/EngineMaterials/Widget3DPassThrough_Masked.uexp" 473
"../../../Engine/Content/EngineMaterials/WeightMapPlaceholderTexture.uasset" 474
"../../../Engine/Content/EngineMaterials/WeightMapPlaceholderTexture.uexp" 475
"../../../Engine/Content/EngineMaterials/WeightMapArrayPlaceholderTexture.uasset" 476
"../../../Engine/Content/EngineMaterials/WeightMapArrayPlaceholderTexture.uexp" 477
"../../../Engine/Content/EngineMaterials/RemoveSurfaceMaterial.uasset" 478
"../../../Engine/Content/EngineMaterials/RemoveSurfaceMaterial.uexp" 479
"../../../Engine/Content/EngineMaterials/PreintegratedSkinBRDF.uasset" 480
"../../../Engine/Content/EngineMaterials/PreintegratedSkinBRDF.uexp" 481
"../../../Engine/Content/EngineMaterials/DefaultCalibrationGrayscale.uasset" 482
"../../../Engine/Content/EngineMaterials/DefaultCalibrationGrayscale.uexp" 483
"../../../Engine/Content/EngineMaterials/PPM_DefaultCalibrationGrayscale.uasset" 484
"../../../Engine/Content/EngineMaterials/PPM_DefaultCalibrationGrayscale.uexp" 485
"../../../Engine/Content/EngineMaterials/DefaultCalibrationColor.uasset" 486
"../../../Engine/Content/EngineMaterials/DefaultCalibrationColor.uexp" 487
"../../../Engine/Content/EngineMaterials/PPM_DefaultCalibrationColor.uasset" 488
"../../../Engine/Content/EngineMaterials/PPM_DefaultCalibrationColor.uexp" 489
"../../../Engine/Content/EngineMaterials/PhAT_JointLimitMaterial.uasset" 490
"../../../Engine/Content/EngineMaterials/PhAT_JointLimitMaterial.uexp" 491
"../../../Engine/Content/EngineMaterials/NaniteHiddenSectionMaterial.uasset" 492
"../../../Engine/Content/EngineMaterials/NaniteHiddenSectionMaterial.uexp" 493
"../../../Engine/Content/EngineMaterials/InvalidLightmapSettings.ubulk" 494
"../../../Engine/Content/EngineMaterials/InvalidLightmapSettings.uasset" 495
"../../../Engine/Content/EngineMaterials/InvalidLightmapSettings.uexp" 496
"../../../Engine/Content/EngineMaterials/M_InvalidLightmapSettings.uasset" 497
"../../../Engine/Content/EngineMaterials/M_InvalidLightmapSettings.uexp" 498
"../../../Engine/Content/EngineMaterials/MiniFont.uasset" 499
"../../../Engine/Content/EngineMaterials/MiniFont.uexp" 500
"../../../Engine/Content/EngineMaterials/GizmoMaterial.uasset" 501
"../../../Engine/Content/EngineMaterials/GizmoMaterial.uexp" 502
"../../../Engine/Content/EngineMaterials/BaseFlattenDiffuseMap_VT.ubulk" 503
"../../../Engine/Content/EngineMaterials/BaseFlattenDiffuseMap_VT.uasset" 504
"../../../Engine/Content/EngineMaterials/BaseFlattenDiffuseMap_VT.uexp" 505
"../../../Engine/Content/EngineMaterials/BaseFlattenEmissiveMap_VT.ubulk" 506
"../../../Engine/Content/EngineMaterials/BaseFlattenEmissiveMap_VT.uasset" 507
"../../../Engine/Content/EngineMaterials/BaseFlattenEmissiveMap_VT.uexp" 508
"../../../Engine/Content/EngineMaterials/BaseFlattenGrayscaleMap_VT.ubulk" 509
"../../../Engine/Content/EngineMaterials/BaseFlattenGrayscaleMap_VT.uasset" 510
"../../../Engine/Content/EngineMaterials/BaseFlattenGrayscaleMap_VT.uexp" 511
"../../../Engine/Content/EngineMaterials/BaseFlattenLinearColor_VT.ubulk" 512
"../../../Engine/Content/EngineMaterials/BaseFlattenLinearColor_VT.uasset" 513
"../../../Engine/Content/EngineMaterials/BaseFlattenLinearColor_VT.uexp" 514
"../../../Engine/Content/EngineMaterials/BaseFlattenNormalMap_VT.ubulk" 515
"../../../Engine/Content/EngineMaterials/BaseFlattenNormalMap_VT.uasset" 516
"../../../Engine/Content/EngineMaterials/BaseFlattenNormalMap_VT.uexp" 517
"../../../Engine/Content/EngineMaterials/Black_1x1_EXR_Texture_VT.ubulk" 518
"../../../Engine/Content/EngineMaterials/Black_1x1_EXR_Texture_VT.uasset" 519
"../../../Engine/Content/EngineMaterials/Black_1x1_EXR_Texture_VT.uexp" 520
"../../../Engine/Content/EngineMaterials/FlattenMaterial_WS_Normal_VT.uasset" 521
"../../../Engine/Content/EngineMaterials/FlattenMaterial_WS_Normal_VT.uexp" 522
"../../../Engine/Content/EngineMaterials/FlattenMaterial_VT.uasset" 523
"../../../Engine/Content/EngineMaterials/FlattenMaterial_VT.uexp" 524
"../../../Engine/Content/EngineMaterials/BaseFlattenLinearColor.uasset" 525
"../../../Engine/Content/EngineMaterials/BaseFlattenLinearColor.uexp" 526
"../../../Engine/Content/EngineMaterials/BaseFlattenNormalMap.uasset" 527
"../../../Engine/Content/EngineMaterials/BaseFlattenNormalMap.uexp" 528
"../../../Engine/Content/EngineMaterials/BaseFlattenDiffuseMap.uasset" 529
"../../../Engine/Content/EngineMaterials/BaseFlattenDiffuseMap.uexp" 530
"../../../Engine/Content/EngineMaterials/BaseFlattenEmissiveMap.uasset" 531
"../../../Engine/Content/EngineMaterials/BaseFlattenEmissiveMap.uexp" 532
"../../../Engine/Content/EngineMaterials/BaseFlattenGrayscaleMap.uasset" 533
"../../../Engine/Content/EngineMaterials/BaseFlattenGrayscaleMap.uexp" 534
"../../../Engine/Content/Functions/Engine_MaterialFunctions02/PivotPainter2/Black_1x1_EXR_Texture.uasset" 535
"../../../Engine/Content/Functions/Engine_MaterialFunctions02/PivotPainter2/Black_1x1_EXR_Texture.uexp" 536
"../../../Engine/Content/EngineMaterials/FlattenMaterial.uasset" 537
"../../../Engine/Content/EngineMaterials/FlattenMaterial.uexp" 538
"../../../Engine/Content/EngineMaterials/FastBlueNoise_vec2_128x128x64.uasset" 539
"../../../Engine/Content/EngineMaterials/FastBlueNoise_vec2_128x128x64.uexp" 540
"../../../Engine/Content/EngineMaterials/FastBlueNoise_scalar_128x128x8.uasset" 541
"../../../Engine/Content/EngineMaterials/FastBlueNoise_scalar_128x128x8.uexp" 542
"../../../Engine/Content/EngineMaterials/FastBlueNoise_scalar_128x128x64.uasset" 543
"../../../Engine/Content/EngineMaterials/FastBlueNoise_scalar_128x128x64.uexp" 544
"../../../Engine/Content/EngineMaterials/DefaultWhiteGrid_Low.uasset" 545
"../../../Engine/Content/EngineMaterials/DefaultWhiteGrid_Low.uexp" 546
"../../../Engine/Content/EngineMaterials/EmissiveMeshMaterial.uasset" 547
"../../../Engine/Content/EngineMaterials/EmissiveMeshMaterial.uexp" 548
"../../../Engine/Content/EngineMaterials/DefaultWhiteGrid.ubulk" 549
"../../../Engine/Content/EngineMaterials/DefaultWhiteGrid.uasset" 550
"../../../Engine/Content/EngineMaterials/DefaultWhiteGrid.uexp" 551
"../../../Engine/Content/EngineFonts/RobotoDistanceField.uasset" 552
"../../../Engine/Content/EngineFonts/RobotoDistanceField.uexp" 553
"../../../Engine/Content/EngineMaterials/DefaultTextMaterialOpaque.uasset" 554
"../../../Engine/Content/EngineMaterials/DefaultTextMaterialOpaque.uexp" 555
"../../../Engine/Content/Functions/Engine_MaterialFunctions02/Utility/BreakOutFloat2Components.uasset" 556
"../../../Engine/Content/Functions/Engine_MaterialFunctions02/Utility/BreakOutFloat2Components.uexp" 557
"../../../Engine/Content/EngineMaterials/DefaultDiffuse.ubulk" 558
"../../../Engine/Content/EngineMaterials/DefaultDiffuse.uasset" 559
"../../../Engine/Content/EngineMaterials/DefaultDiffuse.uexp" 560
"../../../Engine/Content/EngineMaterials/DefaultPostProcessMaterial.uasset" 561
"../../../Engine/Content/EngineMaterials/DefaultPostProcessMaterial.uexp" 562
"../../../Engine/Content/EngineMaterials/DefaultLightFunctionMaterial.uasset" 563
"../../../Engine/Content/EngineMaterials/DefaultLightFunctionMaterial.uexp" 564
"../../../Engine/Content/EngineMaterials/DefaultDeferredDecalMaterial.uasset" 565
"../../../Engine/Content/EngineMaterials/DefaultDeferredDecalMaterial.uexp" 566
"../../../Engine/Content/EngineMaterials/DefaultBokeh.uasset" 567
"../../../Engine/Content/EngineMaterials/DefaultBokeh.uexp" 568
"../../../Engine/Content/EngineMaterials/DefaultBloomKernel.uasset" 569
"../../../Engine/Content/EngineMaterials/DefaultBloomKernel.uexp" 570
"../../../Engine/Content/Functions/Engine_MaterialFunctions02/Utility/CameraDirectionVector.uasset" 571
"../../../Engine/Content/Functions/Engine_MaterialFunctions02/Utility/CameraDirectionVector.uexp" 572
"../../../Engine/Content/EngineDebugMaterials/VolumeToRender.uasset" 573
"../../../Engine/Content/EngineDebugMaterials/VolumeToRender.uexp" 574
"../../../Engine/Content/EngineDebugMaterials/M_VolumeRenderSphereTracePP.uasset" 575
"../../../Engine/Content/EngineDebugMaterials/M_VolumeRenderSphereTracePP.uexp" 576
"../../../Engine/Content/EngineDebugMaterials/M_SimpleUnlitTranslucent.uasset" 577
"../../../Engine/Content/EngineDebugMaterials/M_SimpleUnlitTranslucent.uexp" 578
"../../../Engine/Content/EngineDebugMaterials/DebugMeshMaterial.uasset" 579
"../../../Engine/Content/EngineDebugMaterials/DebugMeshMaterial.uexp" 580
"../../../Engine/Content/EngineDebugMaterials/DebugEditorMaterial.uasset" 581
"../../../Engine/Content/EngineDebugMaterials/DebugEditorMaterial.uexp" 582
"../../../Engine/Content/EngineDamageTypes/DmgTypeBP_Environmental.uasset" 583
"../../../Engine/Content/EngineDamageTypes/DmgTypeBP_Environmental.uexp" 584
"../../../Engine/Content/EditorResources/S_Terrain.ubulk" 585
"../../../Engine/Content/EditorResources/S_Terrain.uasset" 586
"../../../Engine/Content/EditorResources/S_Terrain.uexp" 587
"../../../Engine/Content/EditorResources/S_Solver.ubulk" 588
"../../../Engine/Content/EditorResources/S_Solver.uasset" 589
"../../../Engine/Content/EditorResources/S_Solver.uexp" 590
"../../../Engine/Content/EditorResources/BSPVertex.uasset" 591
"../../../Engine/Content/EditorResources/BSPVertex.uexp" 592
"../../../Engine/Content/EditorMaterials/PreviewShadowIndicator.ubulk" 593
"../../../Engine/Content/EditorMaterials/PreviewShadowIndicator.uasset" 594
"../../../Engine/Content/EditorMaterials/PreviewShadowIndicator.uexp" 595
"../../../Engine/Content/EditorMaterials/PreviewShadowIndicatorMaterial.uasset" 596
"../../../Engine/Content/EditorMaterials/PreviewShadowIndicatorMaterial.uexp" 597
"../../../Engine/Content/EditorMaterials/PhAT_UnselectedMaterial.uasset" 598
"../../../Engine/Content/EditorMaterials/PhAT_UnselectedMaterial.uexp" 599
"../../../Engine/Content/EditorMaterials/PhAT_NoCollisionMaterial.uasset" 600
"../../../Engine/Content/EditorMaterials/PhAT_NoCollisionMaterial.uexp" 601
"../../../Engine/Content/EditorLandscapeResources/SplineEditorMeshMat.uasset" 602
"../../../Engine/Content/EditorLandscapeResources/SplineEditorMeshMat.uexp" 603
"../../../Engine/Content/EditorLandscapeResources/SplineEditorMesh.ubulk" 604
"../../../Engine/Content/EditorLandscapeResources/SplineEditorMesh.uasset" 605
"../../../Engine/Content/EditorLandscapeResources/SplineEditorMesh.uexp" 606
"../../../Engine/Content/EditorLandscapeResources/WhiteSquareTexture.uasset" 607
"../../../Engine/Content/EditorLandscapeResources/WhiteSquareTexture.uexp" 608
"../../../Engine/Content/EditorLandscapeResources/DefaultAlphaTexture.uasset" 609
"../../../Engine/Content/EditorLandscapeResources/DefaultAlphaTexture.uexp" 610
"../../../Engine/Content/Functions/Engine_MaterialFunctions03/Math/WithinRangeFloat2.uasset" 611
"../../../Engine/Content/Functions/Engine_MaterialFunctions03/Math/WithinRangeFloat2.uexp" 612
"../../../Engine/Content/EditorLandscapeResources/SelectBrushMaterial.uasset" 613
"../../../Engine/Content/EditorLandscapeResources/SelectBrushMaterial.uexp" 614
"../../../Engine/Content/EditorLandscapeResources/SelectBrushMaterial_SelectedRegion.uasset" 615
"../../../Engine/Content/EditorLandscapeResources/SelectBrushMaterial_SelectedRegion.uexp" 616
"../../../Engine/Content/EditorLandscapeResources/SelectBrushMaterial_Selected.uasset" 617
"../../../Engine/Content/EditorLandscapeResources/SelectBrushMaterial_Selected.uexp" 618
"../../../Engine/Content/EditorLandscapeResources/MaskBrushMaterial.uasset" 619
"../../../Engine/Content/EditorLandscapeResources/MaskBrushMaterial.uexp" 620
"../../../Engine/Content/EditorLandscapeResources/MaskBrushMaterial_MaskedRegion.uasset" 621
"../../../Engine/Content/EditorLandscapeResources/MaskBrushMaterial_MaskedRegion.uexp" 622
"../../../Engine/Content/EditorLandscapeResources/LayerVisMaterial.uasset" 623
"../../../Engine/Content/EditorLandscapeResources/LayerVisMaterial.uexp" 624
"../../../Engine/Content/Functions/Engine_MaterialFunctions01/Texturing/ScaleUVsByCenter.uasset" 625
"../../../Engine/Content/Functions/Engine_MaterialFunctions01/Texturing/ScaleUVsByCenter.uexp" 626
"../../../Engine/Content/Functions/Engine_MaterialFunctions02/WorldPositionOffset/LocalPosition.uasset" 627
"../../../Engine/Content/Functions/Engine_MaterialFunctions02/WorldPositionOffset/LocalPosition.uexp" 628
"../../../Engine/Content/Functions/Engine_MaterialFunctions01/Texturing/TextureCropping.uasset" 629
"../../../Engine/Content/Functions/Engine_MaterialFunctions01/Texturing/TextureCropping.uexp" 630
"../../../Engine/Content/Functions/Engine_MaterialFunctions02/ExampleContent/DebugNumberStrip.uasset" 631
"../../../Engine/Content/Functions/Engine_MaterialFunctions02/ExampleContent/DebugNumberStrip.uexp" 632
"../../../Engine/Content/Functions/Engine_MaterialFunctions01/Debug/DebugIntValues.uasset" 633
"../../../Engine/Content/Functions/Engine_MaterialFunctions01/Debug/DebugIntValues.uexp" 634
"../../../Engine/Content/EditorLandscapeResources/LandscapeLayerUsageMaterial.uasset" 635
"../../../Engine/Content/EditorLandscapeResources/LandscapeLayerUsageMaterial.uexp" 636
"../../../Engine/Content/EditorLandscapeResources/LandscapeDirtyMaterial.uasset" 637
"../../../Engine/Content/EditorLandscapeResources/LandscapeDirtyMaterial.uexp" 638
"../../../Engine/Content/EditorLandscapeResources/ColorMaskBrushMaterial.uasset" 639
"../../../Engine/Content/EditorLandscapeResources/ColorMaskBrushMaterial.uexp" 640
"../../../Engine/Content/EditorLandscapeResources/ColorMaskBrushMaterial_MaskedRegion.uasset" 641
"../../../Engine/Content/EditorLandscapeResources/ColorMaskBrushMaterial_MaskedRegion.uexp" 642
"C:/Users/eyimofe/Documents/Unreal Projects/Year 3/GiveMePurpose/Content/Assets/NPCCamera_TextureRenderTarget.uasset" 643
"C:/Users/eyimofe/Documents/Unreal Projects/Year 3/GiveMePurpose/Content/Assets/NPCCamera_TextureRenderTarget.uexp" 644
"C:/Users/eyimofe/Documents/Unreal Projects/Year 3/GiveMePurpose/Content/Blueprints/NPC/BP_NPCCam.uasset" 645
"C:/Users/eyimofe/Documents/Unreal Projects/Year 3/GiveMePurpose/Content/Blueprints/NPC/BP_NPCCam.uexp" 646
"C:/Users/eyimofe/Documents/Unreal Projects/Year 3/GiveMePurpose/Content/Assets/Materials/M_Red_Sad.uasset" 647
"C:/Users/eyimofe/Documents/Unreal Projects/Year 3/GiveMePurpose/Content/Assets/Materials/M_Red_Sad.uexp" 648
"C:/Users/eyimofe/Documents/Unreal Projects/Year 3/GiveMePurpose/Content/Assets/Materials/M_Orange_Neutral.uasset" 649
"C:/Users/eyimofe/Documents/Unreal Projects/Year 3/GiveMePurpose/Content/Assets/Materials/M_Orange_Neutral.uexp" 650
"C:/Users/eyimofe/Documents/Unreal Projects/Year 3/GiveMePurpose/Content/Assets/Materials/M_Green_Happy.uasset" 651
"C:/Users/eyimofe/Documents/Unreal Projects/Year 3/GiveMePurpose/Content/Assets/Materials/M_Green_Happy.uexp" 652
"C:/Users/eyimofe/Documents/Unreal Projects/Year 3/GiveMePurpose/Content/Assets/Materials/M_Gray.uasset" 653
"C:/Users/eyimofe/Documents/Unreal Projects/Year 3/GiveMePurpose/Content/Assets/Materials/M_Gray.uexp" 654
"C:/Users/eyimofe/Documents/Unreal Projects/Year 3/GiveMePurpose/Content/Assets/Materials/M_Blue.uasset" 655
"C:/Users/eyimofe/Documents/Unreal Projects/Year 3/GiveMePurpose/Content/Assets/Materials/M_Blue.uexp" 656
"../../../Engine/Plugins/Interchange/Assets/Content/gltf/Textures/T_White_srgb.uasset" 657
"../../../Engine/Plugins/Interchange/Assets/Content/gltf/Textures/T_White_srgb.uexp" 658
"../../../Engine/Plugins/Interchange/Assets/Content/gltf/MaterialFunctions/MF_BaseColor.uasset" 659
"../../../Engine/Plugins/Interchange/Assets/Content/gltf/MaterialFunctions/MF_BaseColor.uexp" 660
"../../../Engine/Plugins/Interchange/Assets/Content/gltf/MaterialFunctions/MF_RotateV2.uasset" 661
"../../../Engine/Plugins/Interchange/Assets/Content/gltf/MaterialFunctions/MF_RotateV2.uexp" 662
"../../../Engine/Plugins/Interchange/Assets/Content/gltf/MaterialFunctions/MF_TransformUVs.uasset" 663
"../../../Engine/Plugins/Interchange/Assets/Content/gltf/MaterialFunctions/MF_TransformUVs.uexp" 664
"../../../Engine/Plugins/Interchange/Assets/Content/gltf/MaterialBodies/MF_Unlit_Body.uasset" 665
"../../../Engine/Plugins/Interchange/Assets/Content/gltf/MaterialBodies/MF_Unlit_Body.uexp" 666
"../../../Engine/Plugins/Interchange/Assets/Content/gltf/M_Unlit.uasset" 667
"../../../Engine/Plugins/Interchange/Assets/Content/gltf/M_Unlit.uexp" 668
"../../../Engine/Plugins/Interchange/Assets/Content/gltf/MaterialInstances/MI_Unlit_Opaque_DS.uasset" 669
"../../../Engine/Plugins/Interchange/Assets/Content/gltf/MaterialInstances/MI_Unlit_Opaque_DS.uexp" 670
"../../../Engine/Plugins/Interchange/Assets/Content/gltf/MaterialInstances/MI_Unlit_Opaque.uasset" 671
"../../../Engine/Plugins/Interchange/Assets/Content/gltf/MaterialInstances/MI_Unlit_Opaque.uexp" 672
"../../../Engine/Plugins/Interchange/Assets/Content/gltf/MaterialInstances/MI_Unlit_Mask_DS.uasset" 673
"../../../Engine/Plugins/Interchange/Assets/Content/gltf/MaterialInstances/MI_Unlit_Mask_DS.uexp" 674
"../../../Engine/Plugins/Interchange/Assets/Content/gltf/MaterialInstances/MI_Unlit_Mask.uasset" 675
"../../../Engine/Plugins/Interchange/Assets/Content/gltf/MaterialInstances/MI_Unlit_Mask.uexp" 676
"../../../Engine/Plugins/Interchange/Assets/Content/gltf/MaterialInstances/MI_Unlit_Blend_DS.uasset" 677
"../../../Engine/Plugins/Interchange/Assets/Content/gltf/MaterialInstances/MI_Unlit_Blend_DS.uexp" 678
"../../../Engine/Plugins/Interchange/Assets/Content/gltf/MaterialInstances/MI_Unlit_Blend.uasset" 679
"../../../Engine/Plugins/Interchange/Assets/Content/gltf/MaterialInstances/MI_Unlit_Blend.uexp" 680
"../../../Engine/Content/EngineMaterials/Good64x64TilingNoiseHighFreq.uasset" 681
"../../../Engine/Content/EngineMaterials/Good64x64TilingNoiseHighFreq.uexp" 682
"../../../Engine/Content/Functions/Engine_MaterialFunctions02/Texturing/ScreenAlignedPixelToPixelUVs.uasset" 683
"../../../Engine/Content/Functions/Engine_MaterialFunctions02/Texturing/ScreenAlignedPixelToPixelUVs.uexp" 684
"../../../Engine/Plugins/Interchange/Assets/Content/Utilities/New_LUT.uasset" 685
"../../../Engine/Plugins/Interchange/Assets/Content/Utilities/New_LUT.uexp" 686
"../../../Engine/Content/Functions/Engine_MaterialFunctions03/Math/RemapValueRange.uasset" 687
"../../../Engine/Content/Functions/Engine_MaterialFunctions03/Math/RemapValueRange.uexp" 688
"../../../Engine/Plugins/Interchange/Assets/Content/Functions/MF_Iridescence.uasset" 689
"../../../Engine/Plugins/Interchange/Assets/Content/Functions/MF_Iridescence.uexp" 690
"../../../Engine/Plugins/Interchange/Assets/Content/gltf/MaterialFunctions/MF_Fresnel_DS.uasset" 691
"../../../Engine/Plugins/Interchange/Assets/Content/gltf/MaterialFunctions/MF_Fresnel_DS.uexp" 692
"../../../Engine/Plugins/Interchange/Assets/Content/gltf/MaterialFunctions/MF_IOR.uasset" 693
"../../../Engine/Plugins/Interchange/Assets/Content/gltf/MaterialFunctions/MF_IOR.uexp" 694
"../../../Engine/Plugins/Interchange/Assets/Content/gltf/MaterialFunctions/MF_Iridescence.uasset" 695
"../../../Engine/Plugins/Interchange/Assets/Content/gltf/MaterialFunctions/MF_Iridescence.uexp" 696
"../../../Engine/Plugins/Interchange/Assets/Content/gltf/Textures/T_White_Linear.uasset" 697
"../../../Engine/Plugins/Interchange/Assets/Content/gltf/Textures/T_White_Linear.uexp" 698
"../../../Engine/Plugins/Interchange/Assets/Content/gltf/MaterialFunctions/MF_MetallicRoughness.uasset" 699
"../../../Engine/Plugins/Interchange/Assets/Content/gltf/MaterialFunctions/MF_MetallicRoughness.uexp" 700
"../../../Engine/Content/Functions/Engine_MaterialFunctions02/Math/Transform3x3Matrix.uasset" 701
"../../../Engine/Content/Functions/Engine_MaterialFunctions02/Math/Transform3x3Matrix.uexp" 702
"../../../Engine/Plugins/Interchange/Assets/Content/gltf/MaterialFunctions/MF_RotateNormals_TS.uasset" 703
"../../../Engine/Plugins/Interchange/Assets/Content/gltf/MaterialFunctions/MF_RotateNormals_TS.uexp" 704
"../../../Engine/Plugins/Interchange/Assets/Content/gltf/MaterialFunctions/MF_ScaleNormal.uasset" 705
"../../../Engine/Plugins/Interchange/Assets/Content/gltf/MaterialFunctions/MF_ScaleNormal.uexp" 706
"../../../Engine/Plugins/Interchange/Assets/Content/gltf/Textures/T_Generic_N.uasset" 707
"../../../Engine/Plugins/Interchange/Assets/Content/gltf/Textures/T_Generic_N.uexp" 708
"../../../Engine/Plugins/Interchange/Assets/Content/gltf/MaterialFunctions/MF_Normals.uasset" 709
"../../../Engine/Plugins/Interchange/Assets/Content/gltf/MaterialFunctions/MF_Normals.uexp" 710
"../../../Engine/Plugins/Interchange/Assets/Content/gltf/MaterialFunctions/MF_Occlusion.uasset" 711
"../../../Engine/Plugins/Interchange/Assets/Content/gltf/MaterialFunctions/MF_Occlusion.uexp" 712
"../../../Engine/Plugins/Interchange/Assets/Content/gltf/MaterialFunctions/MF_Specular.uasset" 713
"../../../Engine/Plugins/Interchange/Assets/Content/gltf/MaterialFunctions/MF_Specular.uexp" 714
"../../../Engine/Plugins/Interchange/Assets/Content/gltf/Textures/T_Anisotropy_Direction_Linear.uasset" 715
"../../../Engine/Plugins/Interchange/Assets/Content/gltf/Textures/T_Anisotropy_Direction_Linear.uexp" 716
"../../../Engine/Plugins/Interchange/Assets/Content/gltf/MaterialFunctions/MF_SpecularAnisotropy.uasset" 717
"../../../Engine/Plugins/Interchange/Assets/Content/gltf/MaterialFunctions/MF_SpecularAnisotropy.uexp" 718
"../../../Engine/Plugins/Interchange/Assets/Content/gltf/MaterialFunctions/MF_Temporal_Blur.uasset" 719
"../../../Engine/Plugins/Interchange/Assets/Content/gltf/MaterialFunctions/MF_Temporal_Blur.uexp" 720
"../../../Engine/Plugins/Interchange/Assets/Content/gltf/MaterialFunctions/MF_Transmission.uasset" 721
"../../../Engine/Plugins/Interchange/Assets/Content/gltf/MaterialFunctions/MF_Transmission.uexp" 722
"../../../Engine/Plugins/Interchange/Assets/Content/gltf/MaterialBodies/MF_Transmission_Body.uasset" 723
"../../../Engine/Plugins/Interchange/Assets/Content/gltf/MaterialBodies/MF_Transmission_Body.uexp" 724
"../../../Engine/Plugins/Interchange/Assets/Content/gltf/M_Transmission.uasset" 725
"../../../Engine/Plugins/Interchange/Assets/Content/gltf/M_Transmission.uexp" 726
"../../../Engine/Plugins/Interchange/Assets/Content/gltf/MaterialInstances/MI_Transmission_DS.uasset" 727
"../../../Engine/Plugins/Interchange/Assets/Content/gltf/MaterialInstances/MI_Transmission_DS.uexp" 728
"../../../Engine/Plugins/Interchange/Assets/Content/gltf/MaterialInstances/MI_Transmission.uasset" 729
"../../../Engine/Plugins/Interchange/Assets/Content/gltf/MaterialInstances/MI_Transmission.uexp" 730
"../../../Engine/Content/Functions/Engine_MaterialFunctions02/Math/AddComponents.uasset" 731
"../../../Engine/Content/Functions/Engine_MaterialFunctions02/Math/AddComponents.uexp" 732
"../../../Engine/Plugins/Interchange/Assets/Content/gltf/MaterialFunctions/MF_DiffuseSpecGloss.uasset" 733
"../../../Engine/Plugins/Interchange/Assets/Content/gltf/MaterialFunctions/MF_DiffuseSpecGloss.uexp" 734
"../../../Engine/Plugins/Interchange/Assets/Content/gltf/MaterialFunctions/MF_Emissive.uasset" 735
"../../../Engine/Plugins/Interchange/Assets/Content/gltf/MaterialFunctions/MF_Emissive.uexp" 736
"../../../Engine/Plugins/Interchange/Assets/Content/gltf/MaterialFunctions/MF_MaxComponentValue.uasset" 737
"../../../Engine/Plugins/Interchange/Assets/Content/gltf/MaterialFunctions/MF_MaxComponentValue.uexp" 738
"../../../Engine/Plugins/Interchange/Assets/Content/gltf/MaterialFunctions/MF_PerceivedBrightness.uasset" 739
"../../../Engine/Plugins/Interchange/Assets/Content/gltf/MaterialFunctions/MF_PerceivedBrightness.uexp" 740
"../../../Engine/Plugins/Interchange/Assets/Content/gltf/MaterialFunctions/MF_SpecGlossToMetalRoughness.uasset" 741
"../../../Engine/Plugins/Interchange/Assets/Content/gltf/MaterialFunctions/MF_SpecGlossToMetalRoughness.uexp" 742
"../../../Engine/Plugins/Interchange/Assets/Content/gltf/MaterialBodies/MF_SpecularGlossiness_Body.uasset" 743
"../../../Engine/Plugins/Interchange/Assets/Content/gltf/MaterialBodies/MF_SpecularGlossiness_Body.uexp" 744
"../../../Engine/Plugins/Interchange/Assets/Content/gltf/M_SpecularGlossiness.uasset" 745
"../../../Engine/Plugins/Interchange/Assets/Content/gltf/M_SpecularGlossiness.uexp" 746
"../../../Engine/Plugins/Interchange/Assets/Content/gltf/MaterialInstances/MI_SpecularGlossiness_Opaque_DS.uasset" 747
"../../../Engine/Plugins/Interchange/Assets/Content/gltf/MaterialInstances/MI_SpecularGlossiness_Opaque_DS.uexp" 748
"../../../Engine/Plugins/Interchange/Assets/Content/gltf/MaterialInstances/MI_SpecularGlossiness_Opaque.uasset" 749
"../../../Engine/Plugins/Interchange/Assets/Content/gltf/MaterialInstances/MI_SpecularGlossiness_Opaque.uexp" 750
"../../../Engine/Plugins/Interchange/Assets/Content/gltf/MaterialInstances/MI_SpecularGlossiness_Mask_DS.uasset" 751
"../../../Engine/Plugins/Interchange/Assets/Content/gltf/MaterialInstances/MI_SpecularGlossiness_Mask_DS.uexp" 752
"../../../Engine/Plugins/Interchange/Assets/Content/gltf/MaterialInstances/MI_SpecularGlossiness_Mask.uasset" 753
"../../../Engine/Plugins/Interchange/Assets/Content/gltf/MaterialInstances/MI_SpecularGlossiness_Mask.uexp" 754
"../../../Engine/Plugins/Interchange/Assets/Content/gltf/MaterialInstances/MI_SpecularGlossiness_Blend_DS.uasset" 755
"../../../Engine/Plugins/Interchange/Assets/Content/gltf/MaterialInstances/MI_SpecularGlossiness_Blend_DS.uexp" 756
"../../../Engine/Plugins/Interchange/Assets/Content/gltf/MaterialInstances/MI_SpecularGlossiness_Blend.uasset" 757
"../../../Engine/Plugins/Interchange/Assets/Content/gltf/MaterialInstances/MI_SpecularGlossiness_Blend.uexp" 758
"../../../Engine/Plugins/Interchange/Assets/Content/gltf/MaterialFunctions/MF_Sheen.uasset" 759
"../../../Engine/Plugins/Interchange/Assets/Content/gltf/MaterialFunctions/MF_Sheen.uexp" 760
"../../../Engine/Plugins/Interchange/Assets/Content/gltf/MaterialBodies/MF_Sheen_Body.uasset" 761
"../../../Engine/Plugins/Interchange/Assets/Content/gltf/MaterialBodies/MF_Sheen_Body.uexp" 762
"../../../Engine/Plugins/Interchange/Assets/Content/gltf/M_Sheen.uasset" 763
"../../../Engine/Plugins/Interchange/Assets/Content/gltf/M_Sheen.uexp" 764
"../../../Engine/Plugins/Interchange/Assets/Content/gltf/MaterialInstances/MI_Sheen_Opaque_DS.uasset" 765
"../../../Engine/Plugins/Interchange/Assets/Content/gltf/MaterialInstances/MI_Sheen_Opaque_DS.uexp" 766
"../../../Engine/Plugins/Interchange/Assets/Content/gltf/MaterialInstances/MI_Sheen_Opaque.uasset" 767
"../../../Engine/Plugins/Interchange/Assets/Content/gltf/MaterialInstances/MI_Sheen_Opaque.uexp" 768
"../../../Engine/Plugins/Interchange/Assets/Content/gltf/MaterialInstances/MI_Sheen_Mask_DS.uasset" 769
"../../../Engine/Plugins/Interchange/Assets/Content/gltf/MaterialInstances/MI_Sheen_Mask_DS.uexp" 770
"../../../Engine/Plugins/Interchange/Assets/Content/gltf/MaterialInstances/MI_Sheen_Mask.uasset" 771
"../../../Engine/Plugins/Interchange/Assets/Content/gltf/MaterialInstances/MI_Sheen_Mask.uexp" 772
"../../../Engine/Plugins/Interchange/Assets/Content/gltf/MaterialInstances/MI_Sheen_Blend_DS.uasset" 773
"../../../Engine/Plugins/Interchange/Assets/Content/gltf/MaterialInstances/MI_Sheen_Blend_DS.uexp" 774
"../../../Engine/Plugins/Interchange/Assets/Content/gltf/MaterialInstances/MI_Sheen_Blend.uasset" 775
"../../../Engine/Plugins/Interchange/Assets/Content/gltf/MaterialInstances/MI_Sheen_Blend.uexp" 776
"../../../Engine/Plugins/Interchange/Assets/Content/gltf/MaterialBodies/MF_Default_Body.uasset" 777
"../../../Engine/Plugins/Interchange/Assets/Content/gltf/MaterialBodies/MF_Default_Body.uexp" 778
"../../../Engine/Plugins/Interchange/Assets/Content/gltf/M_Default.uasset" 779
"../../../Engine/Plugins/Interchange/Assets/Content/gltf/M_Default.uexp" 780
"../../../Engine/Plugins/Interchange/Assets/Content/gltf/MaterialInstances/MI_Default_Opaque_DS.uasset" 781
"../../../Engine/Plugins/Interchange/Assets/Content/gltf/MaterialInstances/MI_Default_Opaque_DS.uexp" 782
"../../../Engine/Plugins/Interchange/Assets/Content/gltf/MaterialInstances/MI_Default_Opaque.uasset" 783
"../../../Engine/Plugins/Interchange/Assets/Content/gltf/MaterialInstances/MI_Default_Opaque.uexp" 784
"../../../Engine/Plugins/Interchange/Assets/Content/gltf/MaterialInstances/MI_Default_Mask_DS.uasset" 785
"../../../Engine/Plugins/Interchange/Assets/Content/gltf/MaterialInstances/MI_Default_Mask_DS.uexp" 786
"../../../Engine/Plugins/Interchange/Assets/Content/gltf/MaterialInstances/MI_Default_Mask.uasset" 787
"../../../Engine/Plugins/Interchange/Assets/Content/gltf/MaterialInstances/MI_Default_Mask.uexp" 788
"../../../Engine/Plugins/Interchange/Assets/Content/gltf/MaterialInstances/MI_Default_Blend_DS.uasset" 789
"../../../Engine/Plugins/Interchange/Assets/Content/gltf/MaterialInstances/MI_Default_Blend_DS.uexp" 790
"../../../Engine/Plugins/Interchange/Assets/Content/gltf/MaterialInstances/MI_Default_Blend.uasset" 791
"../../../Engine/Plugins/Interchange/Assets/Content/gltf/MaterialInstances/MI_Default_Blend.uexp" 792
"../../../Engine/Content/Functions/Engine_MaterialFunctions01/Texturing/FlattenNormal.uasset" 793
"../../../Engine/Content/Functions/Engine_MaterialFunctions01/Texturing/FlattenNormal.uexp" 794
"../../../Engine/Plugins/Interchange/Assets/Content/gltf/MaterialFunctions/MF_Clearcoat.uasset" 795
"../../../Engine/Plugins/Interchange/Assets/Content/gltf/MaterialFunctions/MF_Clearcoat.uexp" 796
"../../../Engine/Plugins/Interchange/Assets/Content/gltf/MaterialBodies/MF_ClearCoat_Body.uasset" 797
"../../../Engine/Plugins/Interchange/Assets/Content/gltf/MaterialBodies/MF_ClearCoat_Body.uexp" 798
"../../../Engine/Plugins/Interchange/Assets/Content/gltf/M_ClearCoat.uasset" 799
"../../../Engine/Plugins/Interchange/Assets/Content/gltf/M_ClearCoat.uexp" 800
"../../../Engine/Plugins/Interchange/Assets/Content/gltf/MaterialInstances/MI_ClearCoat_Opaque_DS.uasset" 801
"../../../Engine/Plugins/Interchange/Assets/Content/gltf/MaterialInstances/MI_ClearCoat_Opaque_DS.uexp" 802
"../../../Engine/Plugins/Interchange/Assets/Content/gltf/MaterialInstances/MI_ClearCoat_Opaque.uasset" 803
"../../../Engine/Plugins/Interchange/Assets/Content/gltf/MaterialInstances/MI_ClearCoat_Opaque.uexp" 804
"../../../Engine/Plugins/Interchange/Assets/Content/gltf/MaterialInstances/MI_ClearCoat_Mask_DS.uasset" 805
"../../../Engine/Plugins/Interchange/Assets/Content/gltf/MaterialInstances/MI_ClearCoat_Mask_DS.uexp" 806
"../../../Engine/Plugins/Interchange/Assets/Content/gltf/MaterialInstances/MI_ClearCoat_Mask.uasset" 807
"../../../Engine/Plugins/Interchange/Assets/Content/gltf/MaterialInstances/MI_ClearCoat_Mask.uexp" 808
"../../../Engine/Plugins/Interchange/Assets/Content/gltf/MaterialInstances/MI_ClearCoat_Blend_DS.uasset" 809
"../../../Engine/Plugins/Interchange/Assets/Content/gltf/MaterialInstances/MI_ClearCoat_Blend_DS.uexp" 810
"../../../Engine/Plugins/Interchange/Assets/Content/gltf/MaterialInstances/MI_ClearCoat_Blend.uasset" 811
"../../../Engine/Plugins/Interchange/Assets/Content/gltf/MaterialInstances/MI_ClearCoat_Blend.uexp" 812
"../../../Engine/Content/VREditor/TransformGizmo/Xray.uasset" 813
"../../../Engine/Content/VREditor/TransformGizmo/Xray.uexp" 814
"../../../Engine/Content/VREditor/TransformGizmo/Main.uasset" 815
"../../../Engine/Content/VREditor/TransformGizmo/Main.uexp" 816
"../../../Engine/Content/VREditor/TransformGizmo/SM_Sequencer_Node.ubulk" 817
"../../../Engine/Content/VREditor/TransformGizmo/SM_Sequencer_Node.uasset" 818
"../../../Engine/Content/VREditor/TransformGizmo/SM_Sequencer_Node.uexp" 819
"../../../Engine/Content/VREditor/TransformGizmo/TranslucentTransformGizmoMaterial.uasset" 820
"../../../Engine/Content/VREditor/TransformGizmo/TranslucentTransformGizmoMaterial.uexp" 821
"../../../Engine/Content/VREditor/LaserPointer/VR_LaserPower_01.ubulk" 822
"../../../Engine/Content/VREditor/LaserPointer/VR_LaserPower_01.uasset" 823
"../../../Engine/Content/VREditor/LaserPointer/VR_LaserPower_01.uexp" 824
"../../../Engine/Content/VREditor/TransformGizmo/TransformGizmoMaterial.uasset" 825
"../../../Engine/Content/VREditor/TransformGizmo/TransformGizmoMaterial.uexp" 826
"../../../Engine/Content/VREditor/TransformGizmo/BoundingBoxEdge.ubulk" 827
"../../../Engine/Content/VREditor/TransformGizmo/BoundingBoxEdge.uasset" 828
"../../../Engine/Content/VREditor/TransformGizmo/BoundingBoxEdge.uexp" 829
"../../../Engine/Content/VREditor/TransformGizmo/BoundingBoxCorner.ubulk" 830
"../../../Engine/Content/VREditor/TransformGizmo/BoundingBoxCorner.uasset" 831
"../../../Engine/Content/VREditor/TransformGizmo/BoundingBoxCorner.uexp" 832
"../../../Engine/Content/MapTemplates/Materials/BasicAsset02.uasset" 833
"../../../Engine/Content/MapTemplates/Materials/BasicAsset02.uexp" 834
"../../../Engine/Content/MapTemplates/Materials/BasicAsset01.uasset" 835
"../../../Engine/Content/MapTemplates/Materials/BasicAsset01.uexp" 836
"../../../Engine/Content/EngineSky/VolumetricClouds/VT_PerlinWorley_Balanced.uasset" 837
"../../../Engine/Content/EngineSky/VolumetricClouds/VT_PerlinWorley_Balanced.uexp" 838
"../../../Engine/Content/EngineSky/VolumetricClouds/T_Profile_08.ubulk" 839
"../../../Engine/Content/EngineSky/VolumetricClouds/T_Profile_08.uasset" 840
"../../../Engine/Content/EngineSky/VolumetricClouds/T_Profile_08.uexp" 841
"../../../Engine/Content/EngineSky/VolumetricClouds/T_CloudPattern.ubulk" 842
"../../../Engine/Content/EngineSky/VolumetricClouds/T_CloudPattern.uasset" 843
"../../../Engine/Content/EngineSky/VolumetricClouds/T_CloudPattern.uexp" 844
"../../../Engine/Content/EngineSky/VolumetricClouds/T_CloudMask.ubulk" 845
"../../../Engine/Content/EngineSky/VolumetricClouds/T_CloudMask.uasset" 846
"../../../Engine/Content/EngineSky/VolumetricClouds/T_CloudMask.uexp" 847
"../../../Engine/Content/Functions/Engine_MaterialFunctions02/Utility/BreakOutFloat4Components.uasset" 848
"../../../Engine/Content/Functions/Engine_MaterialFunctions02/Utility/BreakOutFloat4Components.uexp" 849
"../../../Engine/Content/Functions/Engine_MaterialFunctions02/Utility/MakeFloat4.uasset" 850
"../../../Engine/Content/Functions/Engine_MaterialFunctions02/Utility/MakeFloat4.uexp" 851
"../../../Engine/Content/EngineResources/DefaultVolumeTexture2D.uasset" 852
"../../../Engine/Content/EngineResources/DefaultVolumeTexture2D.uexp" 853
"../../../Engine/Content/EngineResources/DefaultVolumeTexture.uasset" 854
"../../../Engine/Content/EngineResources/DefaultVolumeTexture.uexp" 855
"../../../Engine/Content/EngineSky/VolumetricClouds/VT_Lightning.uasset" 856
"../../../Engine/Content/EngineSky/VolumetricClouds/VT_Lightning.uexp" 857
"../../../Engine/Content/Functions/Engine_MaterialFunctions01/Units/Km-to-Cm.uasset" 858
"../../../Engine/Content/Functions/Engine_MaterialFunctions01/Units/Km-to-Cm.uexp" 859
"../../../Engine/Content/EngineSky/VolumetricClouds/m_SimpleVolumetricCloud.uasset" 860
"../../../Engine/Content/EngineSky/VolumetricClouds/m_SimpleVolumetricCloud.uexp" 861
"../../../Engine/Content/EngineSky/VolumetricClouds/m_SimpleVolumetricCloud_Inst.uasset" 862
"../../../Engine/Content/EngineSky/VolumetricClouds/m_SimpleVolumetricCloud_Inst.uexp" 863
"../../../Engine/Content/EngineResources/FilmGrains/Marcie_Grain_v3_128_M2_000.uasset" 864
"../../../Engine/Content/EngineResources/FilmGrains/Marcie_Grain_v3_128_M2_000.uexp" 865
"../../../Engine/Content/EngineResources/Development/ZenLogo_64.uasset" 866
"../../../Engine/Content/EngineResources/Development/ZenLogo_64.uexp" 867
"../../../Engine/Content/EngineMaterials/LTC/Sheen_LTC.uasset" 868
"../../../Engine/Content/EngineMaterials/LTC/Sheen_LTC.uexp" 869
"../../../Engine/Content/EngineMaterials/LTC/GGX_LTCMat.uasset" 870
"../../../Engine/Content/EngineMaterials/LTC/GGX_LTCMat.uexp" 871
"../../../Engine/Content/EngineMaterials/LTC/GGX_LTCAmp.uasset" 872
"../../../Engine/Content/EngineMaterials/LTC/GGX_LTCAmp.uexp" 873
"../../../Engine/Content/EngineMaterials/EnergyConservation/Sheen_Energy.uasset" 874
"../../../Engine/Content/EngineMaterials/EnergyConservation/Sheen_Energy.uexp" 875
"../../../Engine/Content/EngineMaterials/EnergyConservation/SheenLegacy_Energy.uasset" 876
"../../../Engine/Content/EngineMaterials/EnergyConservation/SheenLegacy_Energy.uexp" 877
"../../../Engine/Content/EngineMaterials/EnergyConservation/GGX_TransmissionEnergyArray.uasset" 878
"../../../Engine/Content/EngineMaterials/EnergyConservation/GGX_TransmissionEnergyArray.uexp" 879
"../../../Engine/Content/EngineMaterials/EnergyConservation/GGX_ReflectionEnergy.uasset" 880
"../../../Engine/Content/EngineMaterials/EnergyConservation/GGX_ReflectionEnergy.uexp" 881
"../../../Engine/Content/EngineMaterials/EnergyConservation/Diffuse_Energy.uasset" 882
"../../../Engine/Content/EngineMaterials/EnergyConservation/Diffuse_Energy.uexp" 883
"../../../Engine/Content/EditorResources/SequenceRecorder/RecordingIndicator.uasset" 884
"../../../Engine/Content/EditorResources/SequenceRecorder/RecordingIndicator.uexp" 885
"../../../Engine/Content/EditorResources/SequenceRecorder/Countdown.uasset" 886
"../../../Engine/Content/EditorResources/SequenceRecorder/Countdown.uexp" 887
"../../../Engine/Content/EditorMaterials/Camera/CineMat.uasset" 888
"../../../Engine/Content/EditorMaterials/Camera/CineMat.uexp" 889
"../../../Engine/Content/EditorMaterials/Camera/MI_CineMat_Rig.uasset" 890
"../../../Engine/Content/EditorMaterials/Camera/MI_CineMat_Rig.uexp" 891
"../../../Engine/Content/EditorMeshes/Camera/SM_RailRig_Track.ubulk" 892
"../../../Engine/Content/EditorMeshes/Camera/SM_RailRig_Track.uasset" 893
"../../../Engine/Content/EditorMeshes/Camera/SM_RailRig_Track.uexp" 894
"../../../Engine/Content/EditorMeshes/Camera/SM_RailRig_Mount.ubulk" 895
"../../../Engine/Content/EditorMeshes/Camera/SM_RailRig_Mount.uasset" 896
"../../../Engine/Content/EditorMeshes/Camera/SM_RailRig_Mount.uexp" 897
"../../../Engine/Content/EditorMeshes/Camera/SM_CraneRig_Mount.ubulk" 898
"../../../Engine/Content/EditorMeshes/Camera/SM_CraneRig_Mount.uasset" 899
"../../../Engine/Content/EditorMeshes/Camera/SM_CraneRig_Mount.uexp" 900
"../../../Engine/Content/EditorMeshes/Camera/SM_CraneRig_Body.ubulk" 901
"../../../Engine/Content/EditorMeshes/Camera/SM_CraneRig_Body.uasset" 902
"../../../Engine/Content/EditorMeshes/Camera/SM_CraneRig_Body.uexp" 903
"../../../Engine/Content/EditorMeshes/Camera/SM_CraneRig_Base.ubulk" 904
"../../../Engine/Content/EditorMeshes/Camera/SM_CraneRig_Base.uasset" 905
"../../../Engine/Content/EditorMeshes/Camera/SM_CraneRig_Base.uexp" 906
"../../../Engine/Content/EditorMeshes/Camera/SM_CraneRig_Arm.ubulk" 907
"../../../Engine/Content/EditorMeshes/Camera/SM_CraneRig_Arm.uasset" 908
"../../../Engine/Content/EditorMeshes/Camera/SM_CraneRig_Arm.uexp" 909
"../../../Engine/Content/EditorMaterials/ParticleSystems/PSysThumbnail_OOD.ubulk" 910
"../../../Engine/Content/EditorMaterials/ParticleSystems/PSysThumbnail_OOD.uasset" 911
"../../../Engine/Content/EditorMaterials/ParticleSystems/PSysThumbnail_OOD.uexp" 912
"../../../Engine/Content/EditorMaterials/ParticleSystems/PSysThumbnail_NoImage.ubulk" 913
"../../../Engine/Content/EditorMaterials/ParticleSystems/PSysThumbnail_NoImage.uasset" 914
"../../../Engine/Content/EditorMaterials/ParticleSystems/PSysThumbnail_NoImage.uexp" 915
"../../../Engine/Content/EditorMaterials/Dataflow/DataflowVertexMaterial.uasset" 916
"../../../Engine/Content/EditorMaterials/Dataflow/DataflowVertexMaterial.uexp" 917
"../../../Engine/Content/EditorMaterials/Dataflow/DataflowTwoSidedVertexMaterial.uasset" 918
"../../../Engine/Content/EditorMaterials/Dataflow/DataflowTwoSidedVertexMaterial.uexp" 919
"../../../Engine/Content/MobileResources/HUD/VirtualJoystick_Thumb.uasset" 920
"../../../Engine/Content/MobileResources/HUD/VirtualJoystick_Thumb.uexp" 921
"../../../Engine/Content/MobileResources/HUD/VirtualJoystick_Background.uasset" 922
"../../../Engine/Content/MobileResources/HUD/VirtualJoystick_Background.uexp" 923
"C:/Users/eyimofe/Documents/Unreal Projects/Year 3/GiveMePurpose/Content/Input/Touch/UI_Thumbstick.uasset" 924
"C:/Users/eyimofe/Documents/Unreal Projects/Year 3/GiveMePurpose/Content/Input/Touch/UI_Thumbstick.uexp" 925
"C:/Users/eyimofe/Documents/Unreal Projects/Year 3/GiveMePurpose/Content/Input/Touch/BPI_TouchInterface.uasset" 926
"C:/Users/eyimofe/Documents/Unreal Projects/Year 3/GiveMePurpose/Content/Input/Touch/BPI_TouchInterface.uexp" 927
"C:/Users/eyimofe/Documents/Unreal Projects/Year 3/GiveMePurpose/Content/Input/Touch/UI_TouchSimple.uasset" 928
"C:/Users/eyimofe/Documents/Unreal Projects/Year 3/GiveMePurpose/Content/Input/Touch/UI_TouchSimple.uexp" 929
"C:/Users/eyimofe/Documents/Unreal Projects/Year 3/GiveMePurpose/Content/FirstPerson/Blueprints/BP_FirstPersonCameraManager.uasset" 930
"C:/Users/eyimofe/Documents/Unreal Projects/Year 3/GiveMePurpose/Content/FirstPerson/Blueprints/BP_FirstPersonCameraManager.uexp" 931
"C:/Users/eyimofe/Documents/Unreal Projects/Year 3/GiveMePurpose/Content/FirstPerson/Blueprints/BP_FirstPersonPlayerController.uasset" 932
"C:/Users/eyimofe/Documents/Unreal Projects/Year 3/GiveMePurpose/Content/FirstPerson/Blueprints/BP_FirstPersonPlayerController.uexp" 933
"C:/Users/eyimofe/Documents/Unreal Projects/Year 3/GiveMePurpose/Content/Input/Actions/IA_MouseLook.uasset" 934
"C:/Users/eyimofe/Documents/Unreal Projects/Year 3/GiveMePurpose/Content/Input/Actions/IA_MouseLook.uexp" 935
"C:/Users/eyimofe/Documents/Unreal Projects/Year 3/GiveMePurpose/Content/Input/Actions/IA_Move.uasset" 936
"C:/Users/eyimofe/Documents/Unreal Projects/Year 3/GiveMePurpose/Content/Input/Actions/IA_Move.uexp" 937
"C:/Users/eyimofe/Documents/Unreal Projects/Year 3/GiveMePurpose/Content/Input/Actions/IA_Look.uasset" 938
"C:/Users/eyimofe/Documents/Unreal Projects/Year 3/GiveMePurpose/Content/Input/Actions/IA_Look.uexp" 939
"C:/Users/eyimofe/Documents/Unreal Projects/Year 3/GiveMePurpose/Content/Input/Actions/IA_Jump.uasset" 940
"C:/Users/eyimofe/Documents/Unreal Projects/Year 3/GiveMePurpose/Content/Input/Actions/IA_Jump.uexp" 941
"C:/Users/eyimofe/Documents/Unreal Projects/Year 3/GiveMePurpose/Content/Characters/Mannequins/Meshes/SK_Mannequin.uasset" 942
"C:/Users/eyimofe/Documents/Unreal Projects/Year 3/GiveMePurpose/Content/Characters/Mannequins/Meshes/SK_Mannequin.uexp" 943
"C:/Users/eyimofe/Documents/Unreal Projects/Year 3/GiveMePurpose/Content/Characters/Mannequins/Rigs/PA_Mannequin.uasset" 944
"C:/Users/eyimofe/Documents/Unreal Projects/Year 3/GiveMePurpose/Content/Characters/Mannequins/Rigs/PA_Mannequin.uexp" 945
"C:/Users/eyimofe/Documents/Unreal Projects/Year 3/GiveMePurpose/Content/Characters/Mannequins/Textures/Shared/T_UE_Logo_M.uasset" 946
"C:/Users/eyimofe/Documents/Unreal Projects/Year 3/GiveMePurpose/Content/Characters/Mannequins/Textures/Shared/T_UE_Logo_M.uexp" 947
"C:/Users/eyimofe/Documents/Unreal Projects/Year 3/GiveMePurpose/Content/Characters/Mannequins/Textures/Manny/T_Manny_01_MRA.ubulk" 948
"C:/Users/eyimofe/Documents/Unreal Projects/Year 3/GiveMePurpose/Content/Characters/Mannequins/Textures/Manny/T_Manny_01_MRA.uasset" 949
"C:/Users/eyimofe/Documents/Unreal Projects/Year 3/GiveMePurpose/Content/Characters/Mannequins/Textures/Manny/T_Manny_01_MRA.uexp" 950
"C:/Users/eyimofe/Documents/Unreal Projects/Year 3/GiveMePurpose/Content/Characters/Mannequins/Textures/Manny/T_Manny_01_D.ubulk" 951
"C:/Users/eyimofe/Documents/Unreal Projects/Year 3/GiveMePurpose/Content/Characters/Mannequins/Textures/Manny/T_Manny_01_D.uasset" 952
"C:/Users/eyimofe/Documents/Unreal Projects/Year 3/GiveMePurpose/Content/Characters/Mannequins/Textures/Manny/T_Manny_01_D.uexp" 953
"C:/Users/eyimofe/Documents/Unreal Projects/Year 3/GiveMePurpose/Content/Characters/Mannequins/Textures/Manny/T_Manny_01_BN.ubulk" 954
"C:/Users/eyimofe/Documents/Unreal Projects/Year 3/GiveMePurpose/Content/Characters/Mannequins/Textures/Manny/T_Manny_01_BN.uasset" 955
"C:/Users/eyimofe/Documents/Unreal Projects/Year 3/GiveMePurpose/Content/Characters/Mannequins/Textures/Manny/T_Manny_01_BN.uexp" 956
"C:/Users/eyimofe/Documents/Unreal Projects/Year 3/GiveMePurpose/Content/Characters/Mannequins/Materials/M_Mannequin.uasset" 957
"C:/Users/eyimofe/Documents/Unreal Projects/Year 3/GiveMePurpose/Content/Characters/Mannequins/Materials/M_Mannequin.uexp" 958
"C:/Users/eyimofe/Documents/Unreal Projects/Year 3/GiveMePurpose/Content/Characters/Mannequins/Materials/Manny/MI_Manny_01_New.uasset" 959
"C:/Users/eyimofe/Documents/Unreal Projects/Year 3/GiveMePurpose/Content/Characters/Mannequins/Materials/Manny/MI_Manny_01_New.uexp" 960
"C:/Users/eyimofe/Documents/Unreal Projects/Year 3/GiveMePurpose/Content/Characters/Mannequins/Textures/Manny/T_Manny_02_MRA.ubulk" 961
"C:/Users/eyimofe/Documents/Unreal Projects/Year 3/GiveMePurpose/Content/Characters/Mannequins/Textures/Manny/T_Manny_02_MRA.uasset" 962
"C:/Users/eyimofe/Documents/Unreal Projects/Year 3/GiveMePurpose/Content/Characters/Mannequins/Textures/Manny/T_Manny_02_MRA.uexp" 963
"C:/Users/eyimofe/Documents/Unreal Projects/Year 3/GiveMePurpose/Content/Characters/Mannequins/Textures/Manny/T_Manny_02_D.ubulk" 964
"C:/Users/eyimofe/Documents/Unreal Projects/Year 3/GiveMePurpose/Content/Characters/Mannequins/Textures/Manny/T_Manny_02_D.uasset" 965
"C:/Users/eyimofe/Documents/Unreal Projects/Year 3/GiveMePurpose/Content/Characters/Mannequins/Textures/Manny/T_Manny_02_D.uexp" 966
"C:/Users/eyimofe/Documents/Unreal Projects/Year 3/GiveMePurpose/Content/Characters/Mannequins/Textures/Manny/T_Manny_02_BN.ubulk" 967
"C:/Users/eyimofe/Documents/Unreal Projects/Year 3/GiveMePurpose/Content/Characters/Mannequins/Textures/Manny/T_Manny_02_BN.uasset" 968
"C:/Users/eyimofe/Documents/Unreal Projects/Year 3/GiveMePurpose/Content/Characters/Mannequins/Textures/Manny/T_Manny_02_BN.uexp" 969
"C:/Users/eyimofe/Documents/Unreal Projects/Year 3/GiveMePurpose/Content/Characters/Mannequins/Materials/Manny/MI_Manny_02_New.uasset" 970
"C:/Users/eyimofe/Documents/Unreal Projects/Year 3/GiveMePurpose/Content/Characters/Mannequins/Materials/Manny/MI_Manny_02_New.uexp" 971
"C:/Users/eyimofe/Documents/Unreal Projects/Year 3/GiveMePurpose/Content/Characters/Mannequins/Meshes/SKM_Manny_Simple.uasset" 972
"C:/Users/eyimofe/Documents/Unreal Projects/Year 3/GiveMePurpose/Content/Characters/Mannequins/Meshes/SKM_Manny_Simple.uexp" 973
"../../../Engine/Plugins/Animation/ControlRig/Content/Controls/DefaultGizmoLibraryNormalized.uasset" 974
"../../../Engine/Plugins/Animation/ControlRig/Content/Controls/DefaultGizmoLibraryNormalized.uexp" 975
"C:/Users/eyimofe/Documents/Unreal Projects/Year 3/GiveMePurpose/Content/FirstPerson/Anims/CtrlRig_FPWarp.uasset" 976
"C:/Users/eyimofe/Documents/Unreal Projects/Year 3/GiveMePurpose/Content/FirstPerson/Anims/CtrlRig_FPWarp.uexp" 977
"C:/Users/eyimofe/Documents/Unreal Projects/Year 3/GiveMePurpose/Content/FirstPerson/Anims/ABP_FP_Copy.uasset" 978
"C:/Users/eyimofe/Documents/Unreal Projects/Year 3/GiveMePurpose/Content/FirstPerson/Anims/ABP_FP_Copy.uexp" 979
"../../../Engine/Content/Animation/DefaultVariableFrameStrippingSettings.uasset" 980
"../../../Engine/Content/Animation/DefaultVariableFrameStrippingSettings.uexp" 981
"../../../Engine/Content/Animation/DefaultAnimCurveCompressionSettings.uasset" 982
"../../../Engine/Content/Animation/DefaultAnimCurveCompressionSettings.uexp" 983
"../../../Engine/Content/Animation/DefaultAnimBoneCompressionSettings.uasset" 984
"../../../Engine/Content/Animation/DefaultAnimBoneCompressionSettings.uexp" 985
"C:/Users/eyimofe/Documents/Unreal Projects/Year 3/GiveMePurpose/Content/Characters/Mannequins/Anims/Unarmed/MM_Idle.uasset" 986
"C:/Users/eyimofe/Documents/Unreal Projects/Year 3/GiveMePurpose/Content/Characters/Mannequins/Anims/Unarmed/MM_Idle.uexp" 987
"C:/Users/eyimofe/Documents/Unreal Projects/Year 3/GiveMePurpose/Content/Characters/Mannequins/Rigs/CR_Mannequin_FootIK.uasset" 988
"C:/Users/eyimofe/Documents/Unreal Projects/Year 3/GiveMePurpose/Content/Characters/Mannequins/Rigs/CR_Mannequin_FootIK.uexp" 989
"C:/Users/eyimofe/Documents/Unreal Projects/Year 3/GiveMePurpose/Content/Characters/Mannequins/Anims/Unarmed/Walk/MF_Unarmed_Walk_Fwd.uasset" 990
"C:/Users/eyimofe/Documents/Unreal Projects/Year 3/GiveMePurpose/Content/Characters/Mannequins/Anims/Unarmed/Walk/MF_Unarmed_Walk_Fwd.uexp" 991
"../../../Engine/Plugins/Animation/ACLPlugin/Content/ACLAnimCurveCompressionSettings.uasset" 992
"../../../Engine/Plugins/Animation/ACLPlugin/Content/ACLAnimCurveCompressionSettings.uexp" 993
"C:/Users/eyimofe/Documents/Unreal Projects/Year 3/GiveMePurpose/Content/Characters/Mannequins/Anims/Unarmed/Walk/MF_Unarmed_Walk_Right.uasset" 994
"C:/Users/eyimofe/Documents/Unreal Projects/Year 3/GiveMePurpose/Content/Characters/Mannequins/Anims/Unarmed/Walk/MF_Unarmed_Walk_Right.uexp" 995
"C:/Users/eyimofe/Documents/Unreal Projects/Year 3/GiveMePurpose/Content/Characters/Mannequins/Anims/Unarmed/Walk/MF_Unarmed_Walk_Left.uasset" 996
"C:/Users/eyimofe/Documents/Unreal Projects/Year 3/GiveMePurpose/Content/Characters/Mannequins/Anims/Unarmed/Walk/MF_Unarmed_Walk_Left.uexp" 997
"../../../Engine/Content/Animation/DefaultRecorderBoneCompression.uasset" 998
"../../../Engine/Content/Animation/DefaultRecorderBoneCompression.uexp" 999
"C:/Users/eyimofe/Documents/Unreal Projects/Year 3/GiveMePurpose/Content/Characters/Mannequins/Anims/Unarmed/Walk/MF_Unarmed_Walk_Fwd_Right.uasset" 1000
"C:/Users/eyimofe/Documents/Unreal Projects/Year 3/GiveMePurpose/Content/Characters/Mannequins/Anims/Unarmed/Walk/MF_Unarmed_Walk_Fwd_Right.uexp" 1001
"C:/Users/eyimofe/Documents/Unreal Projects/Year 3/GiveMePurpose/Content/Characters/Mannequins/Anims/Unarmed/Walk/MF_Unarmed_Walk_Fwd_Left.uasset" 1002
"C:/Users/eyimofe/Documents/Unreal Projects/Year 3/GiveMePurpose/Content/Characters/Mannequins/Anims/Unarmed/Walk/MF_Unarmed_Walk_Fwd_Left.uexp" 1003
"C:/Users/eyimofe/Documents/Unreal Projects/Year 3/GiveMePurpose/Content/Characters/Mannequins/Anims/Unarmed/Walk/MF_Unarmed_Walk_Bwd_Right.uasset" 1004
"C:/Users/eyimofe/Documents/Unreal Projects/Year 3/GiveMePurpose/Content/Characters/Mannequins/Anims/Unarmed/Walk/MF_Unarmed_Walk_Bwd_Right.uexp" 1005
"C:/Users/eyimofe/Documents/Unreal Projects/Year 3/GiveMePurpose/Content/Characters/Mannequins/Anims/Unarmed/Walk/MF_Unarmed_Walk_Bwd_Left.uasset" 1006
"C:/Users/eyimofe/Documents/Unreal Projects/Year 3/GiveMePurpose/Content/Characters/Mannequins/Anims/Unarmed/Walk/MF_Unarmed_Walk_Bwd_Left.uexp" 1007
"C:/Users/eyimofe/Documents/Unreal Projects/Year 3/GiveMePurpose/Content/Characters/Mannequins/Anims/Unarmed/Walk/MF_Unarmed_Walk_Bwd.uasset" 1008
"C:/Users/eyimofe/Documents/Unreal Projects/Year 3/GiveMePurpose/Content/Characters/Mannequins/Anims/Unarmed/Walk/MF_Unarmed_Walk_Bwd.uexp" 1009
"C:/Users/eyimofe/Documents/Unreal Projects/Year 3/GiveMePurpose/Content/Characters/Mannequins/Anims/Unarmed/Jog/MF_Unarmed_Jog_Right.uasset" 1010
"C:/Users/eyimofe/Documents/Unreal Projects/Year 3/GiveMePurpose/Content/Characters/Mannequins/Anims/Unarmed/Jog/MF_Unarmed_Jog_Right.uexp" 1011
"C:/Users/eyimofe/Documents/Unreal Projects/Year 3/GiveMePurpose/Content/Characters/Mannequins/Anims/Unarmed/Jog/MF_Unarmed_Jog_Left.uasset" 1012
"C:/Users/eyimofe/Documents/Unreal Projects/Year 3/GiveMePurpose/Content/Characters/Mannequins/Anims/Unarmed/Jog/MF_Unarmed_Jog_Left.uexp" 1013
"C:/Users/eyimofe/Documents/Unreal Projects/Year 3/GiveMePurpose/Content/Characters/Mannequins/Anims/Unarmed/Jog/MF_Unarmed_Jog_Fwd_Right.uasset" 1014
"C:/Users/eyimofe/Documents/Unreal Projects/Year 3/GiveMePurpose/Content/Characters/Mannequins/Anims/Unarmed/Jog/MF_Unarmed_Jog_Fwd_Right.uexp" 1015
"C:/Users/eyimofe/Documents/Unreal Projects/Year 3/GiveMePurpose/Content/Characters/Mannequins/Anims/Unarmed/Jog/MF_Unarmed_Jog_Fwd_Left.uasset" 1016
"C:/Users/eyimofe/Documents/Unreal Projects/Year 3/GiveMePurpose/Content/Characters/Mannequins/Anims/Unarmed/Jog/MF_Unarmed_Jog_Fwd_Left.uexp" 1017
"C:/Users/eyimofe/Documents/Unreal Projects/Year 3/GiveMePurpose/Content/Characters/Mannequins/Anims/Unarmed/Jog/MF_Unarmed_Jog_Fwd.uasset" 1018
"C:/Users/eyimofe/Documents/Unreal Projects/Year 3/GiveMePurpose/Content/Characters/Mannequins/Anims/Unarmed/Jog/MF_Unarmed_Jog_Fwd.uexp" 1019
"C:/Users/eyimofe/Documents/Unreal Projects/Year 3/GiveMePurpose/Content/Characters/Mannequins/Anims/Unarmed/Jog/MF_Unarmed_Jog_Bwd_Right.uasset" 1020
"C:/Users/eyimofe/Documents/Unreal Projects/Year 3/GiveMePurpose/Content/Characters/Mannequins/Anims/Unarmed/Jog/MF_Unarmed_Jog_Bwd_Right.uexp" 1021
"C:/Users/eyimofe/Documents/Unreal Projects/Year 3/GiveMePurpose/Content/Characters/Mannequins/Anims/Unarmed/Jog/MF_Unarmed_Jog_Bwd_Left.uasset" 1022
"C:/Users/eyimofe/Documents/Unreal Projects/Year 3/GiveMePurpose/Content/Characters/Mannequins/Anims/Unarmed/Jog/MF_Unarmed_Jog_Bwd_Left.uexp" 1023
"C:/Users/eyimofe/Documents/Unreal Projects/Year 3/GiveMePurpose/Content/Characters/Mannequins/Anims/Unarmed/Jog/MF_Unarmed_Jog_Bwd.uasset" 1024
"C:/Users/eyimofe/Documents/Unreal Projects/Year 3/GiveMePurpose/Content/Characters/Mannequins/Anims/Unarmed/Jog/MF_Unarmed_Jog_Bwd.uexp" 1025
"C:/Users/eyimofe/Documents/Unreal Projects/Year 3/GiveMePurpose/Content/Characters/Mannequins/Anims/Unarmed/BS_Idle_Walk_Run.uasset" 1026
"C:/Users/eyimofe/Documents/Unreal Projects/Year 3/GiveMePurpose/Content/Characters/Mannequins/Anims/Unarmed/BS_Idle_Walk_Run.uexp" 1027
"C:/Users/eyimofe/Documents/Unreal Projects/Year 3/GiveMePurpose/Content/Characters/Mannequins/Anims/Unarmed/Jump/MM_Land.uasset" 1028
"C:/Users/eyimofe/Documents/Unreal Projects/Year 3/GiveMePurpose/Content/Characters/Mannequins/Anims/Unarmed/Jump/MM_Land.uexp" 1029
"C:/Users/eyimofe/Documents/Unreal Projects/Year 3/GiveMePurpose/Content/Characters/Mannequins/Anims/Unarmed/Jump/MM_Jump.uasset" 1030
"C:/Users/eyimofe/Documents/Unreal Projects/Year 3/GiveMePurpose/Content/Characters/Mannequins/Anims/Unarmed/Jump/MM_Jump.uexp" 1031
"C:/Users/eyimofe/Documents/Unreal Projects/Year 3/GiveMePurpose/Content/Characters/Mannequins/Anims/Unarmed/Jump/MM_Fall_Loop.uasset" 1032
"C:/Users/eyimofe/Documents/Unreal Projects/Year 3/GiveMePurpose/Content/Characters/Mannequins/Anims/Unarmed/Jump/MM_Fall_Loop.uexp" 1033
"C:/Users/eyimofe/Documents/Unreal Projects/Year 3/GiveMePurpose/Content/Characters/Mannequins/Anims/Unarmed/ABP_Unarmed.uasset" 1034
"C:/Users/eyimofe/Documents/Unreal Projects/Year 3/GiveMePurpose/Content/Characters/Mannequins/Anims/Unarmed/ABP_Unarmed.uexp" 1035
"C:/Users/eyimofe/Documents/Unreal Projects/Year 3/GiveMePurpose/Content/FirstPerson/Blueprints/BP_FirstPersonCharacter.uasset" 1036
"C:/Users/eyimofe/Documents/Unreal Projects/Year 3/GiveMePurpose/Content/FirstPerson/Blueprints/BP_FirstPersonCharacter.uexp" 1037
"C:/Users/eyimofe/Documents/Unreal Projects/Year 3/GiveMePurpose/Content/FirstPerson/Blueprints/BP_FirstPersonGameMode.uasset" 1038
"C:/Users/eyimofe/Documents/Unreal Projects/Year 3/GiveMePurpose/Content/FirstPerson/Blueprints/BP_FirstPersonGameMode.uexp" 1039
"../../../Engine/Content/Functions/Engine_MaterialFunctions01/Shading/PowerToRoughness.uasset" 1040
"../../../Engine/Content/Functions/Engine_MaterialFunctions01/Shading/PowerToRoughness.uexp" 1041
"../../../Engine/Content/Functions/Engine_MaterialFunctions01/Shading/ConvertFromDiffSpec.uasset" 1042
"../../../Engine/Content/Functions/Engine_MaterialFunctions01/Shading/ConvertFromDiffSpec.uexp" 1043
"../../../Engine/Content/EngineMaterials/Substrate/Volume/SubstrateSimpleVolumeLUT3D.uasset" 1044
"../../../Engine/Content/EngineMaterials/Substrate/Volume/SubstrateSimpleVolumeLUT3D.uexp" 1045
"../../../Engine/Content/EngineMaterials/Substrate/Volume/SubstrateSimpleVolumeEnvLUT3D.uasset" 1046
"../../../Engine/Content/EngineMaterials/Substrate/Volume/SubstrateSimpleVolumeEnvLUT3D.uexp" 1047
"../../../Engine/Content/EngineMaterials/Substrate/Glints2/AGlintTex2dArray2.uasset" 1048
"../../../Engine/Content/EngineMaterials/Substrate/Glints2/AGlintTex2dArray2.uexp" 1049
"../../../Engine/Content/EngineMaterials/Substrate/GLints/AGlintTex2dArray.uasset" 1050
"../../../Engine/Content/EngineMaterials/Substrate/GLints/AGlintTex2dArray.uexp" 1051
"../../../Engine/Content/ArtTools/RenderToTexture/Meshes/S_1_Unit_Plane.ubulk" 1052
"../../../Engine/Content/ArtTools/RenderToTexture/Meshes/S_1_Unit_Plane.uasset" 1053
"../../../Engine/Content/ArtTools/RenderToTexture/Meshes/S_1_Unit_Plane.uexp" 1054
"C:/Users/eyimofe/Documents/Unreal Projects/Year 3/GiveMePurpose/Content/Assets/Labels/RoomLabels/UnhappyWithPurposeLabel.uasset" 1055
"C:/Users/eyimofe/Documents/Unreal Projects/Year 3/GiveMePurpose/Content/Assets/Labels/RoomLabels/UnhappyWithPurposeLabel.uexp" 1056
"C:/Users/eyimofe/Documents/Unreal Projects/Year 3/GiveMePurpose/Content/Assets/Labels/RoomLabels/NeutralWithPurpose.uasset" 1057
"C:/Users/eyimofe/Documents/Unreal Projects/Year 3/GiveMePurpose/Content/Assets/Labels/RoomLabels/NeutralWithPurpose.uexp" 1058
"C:/Users/eyimofe/Documents/Unreal Projects/Year 3/GiveMePurpose/Content/Assets/Labels/RoomLabels/HappyWithPurposeLabel.uasset" 1059
"C:/Users/eyimofe/Documents/Unreal Projects/Year 3/GiveMePurpose/Content/Assets/Labels/RoomLabels/HappyWithPurposeLabel.uexp" 1060
"C:/Users/eyimofe/Documents/Unreal Projects/Year 3/GiveMePurpose/Content/Assets/Labels/RoomLabels/GettingPurposeLabel.uasset" 1061
"C:/Users/eyimofe/Documents/Unreal Projects/Year 3/GiveMePurpose/Content/Assets/Labels/RoomLabels/GettingPurposeLabel.uexp" 1062
"../../../Engine/Content/EngineResources/LandscapeVisibilityLayerInfo.uasset" 1063
"../../../Engine/Content/EngineResources/LandscapeVisibilityLayerInfo.uexp" 1064
"../../../Engine/Content/VREditor/TransformGizmo/TranslucentTransformGizmoMaterial_Inst.uasset" 1065
"../../../Engine/Content/VREditor/TransformGizmo/TranslucentTransformGizmoMaterial_Inst.uexp" 1066
"../../../Engine/Content/VREditor/TransformGizmo/TransformGizmoMaterial_Inst.uasset" 1067
"../../../Engine/Content/VREditor/TransformGizmo/TransformGizmoMaterial_Inst.uexp" 1068
"../../../Engine/Content/VREditor/Sounds/UI/Drop_Item_From_ContentBrowser.ubulk" 1069
"../../../Engine/Content/VREditor/Sounds/UI/Drop_Item_From_ContentBrowser.uasset" 1070
"../../../Engine/Content/VREditor/Sounds/UI/Drop_Item_From_ContentBrowser.uexp" 1071
"../../../Engine/Content/VREditor/TransformGizmo/UniformScaleHandle.ubulk" 1072
"../../../Engine/Content/VREditor/TransformGizmo/UniformScaleHandle.uasset" 1073
"../../../Engine/Content/VREditor/TransformGizmo/UniformScaleHandle.uexp" 1074
"../../../Engine/Content/VREditor/TransformGizmo/TranslateArrowHandle.ubulk" 1075
"../../../Engine/Content/VREditor/TransformGizmo/TranslateArrowHandle.uasset" 1076
"../../../Engine/Content/VREditor/TransformGizmo/TranslateArrowHandle.uexp" 1077
"../../../Engine/Content/VREditor/TransformGizmo/TransformGizmoFreeRotation.ubulk" 1078
"../../../Engine/Content/VREditor/TransformGizmo/TransformGizmoFreeRotation.uasset" 1079
"../../../Engine/Content/VREditor/TransformGizmo/TransformGizmoFreeRotation.uexp" 1080
"../../../Engine/Content/VREditor/TransformGizmo/StartRotationHandleIndicator.ubulk" 1081
"../../../Engine/Content/VREditor/TransformGizmo/StartRotationHandleIndicator.uasset" 1082
"../../../Engine/Content/VREditor/TransformGizmo/StartRotationHandleIndicator.uexp" 1083
"../../../Engine/Content/VREditor/TransformGizmo/RotationHandleQuarter.ubulk" 1084
"../../../Engine/Content/VREditor/TransformGizmo/RotationHandleQuarter.uasset" 1085
"../../../Engine/Content/VREditor/TransformGizmo/RotationHandleQuarter.uexp" 1086
"../../../Engine/Content/VREditor/TransformGizmo/RotationHandleIndicator.ubulk" 1087
"../../../Engine/Content/VREditor/TransformGizmo/RotationHandleIndicator.uasset" 1088
"../../../Engine/Content/VREditor/TransformGizmo/RotationHandleIndicator.uexp" 1089
"../../../Engine/Content/VREditor/TransformGizmo/RotationHandleFull.ubulk" 1090
"../../../Engine/Content/VREditor/TransformGizmo/RotationHandleFull.uasset" 1091
"../../../Engine/Content/VREditor/TransformGizmo/RotationHandleFull.uexp" 1092
"../../../Engine/Content/VREditor/TransformGizmo/PlaneTranslationHandle.ubulk" 1093
"../../../Engine/Content/VREditor/TransformGizmo/PlaneTranslationHandle.uasset" 1094
"../../../Engine/Content/VREditor/TransformGizmo/PlaneTranslationHandle.uexp" 1095
"../../../Engine/Content/Functions/Engine_MaterialFunctions02/SplitComponents.uasset" 1096
"../../../Engine/Content/Functions/Engine_MaterialFunctions02/SplitComponents.uexp" 1097
"../../../Engine/Content/VREditor/SnapGrid/SnapGridMaterial.uasset" 1098
"../../../Engine/Content/VREditor/SnapGrid/SnapGridMaterial.uexp" 1099
"../../../Engine/Content/VREditor/SnapGrid/SnapGridPlaneMesh.ubulk" 1100
"../../../Engine/Content/VREditor/SnapGrid/SnapGridPlaneMesh.uasset" 1101
"../../../Engine/Content/VREditor/SnapGrid/SnapGridPlaneMesh.uexp" 1102
"../../../Engine/Content/VREditor/Sounds/UI/Gizmo_Handle_Clicked.ubulk" 1103
"../../../Engine/Content/VREditor/Sounds/UI/Gizmo_Handle_Clicked.uasset" 1104
"../../../Engine/Content/VREditor/Sounds/UI/Gizmo_Handle_Clicked.uexp" 1105
"../../../Engine/Content/VREditor/Sounds/UI/Object_PickUp.ubulk" 1106
"../../../Engine/Content/VREditor/Sounds/UI/Object_PickUp.uasset" 1107
"../../../Engine/Content/VREditor/Sounds/UI/Object_PickUp.uexp" 1108
"../../../Engine/Content/VREditor/Sounds/UI/Object_Snaps_To_Another_Actor.ubulk" 1109
"../../../Engine/Content/VREditor/Sounds/UI/Object_Snaps_To_Another_Actor.uasset" 1110
"../../../Engine/Content/VREditor/Sounds/UI/Object_Snaps_To_Another_Actor.uexp" 1111
"../../../Engine/Content/VREditor/Sounds/UI/Object_Snaps_To_Grid.ubulk" 1112
"../../../Engine/Content/VREditor/Sounds/UI/Object_Snaps_To_Grid.uasset" 1113
"../../../Engine/Content/VREditor/Sounds/UI/Object_Snaps_To_Grid.uexp" 1114
"../../../Engine/Content/VREditor/Sounds/UI/Scaling_Down.ubulk" 1115
"../../../Engine/Content/VREditor/Sounds/UI/Scaling_Down.uasset" 1116
"../../../Engine/Content/VREditor/Sounds/UI/Scaling_Down.uexp" 1117
"../../../Engine/Content/VREditor/Sounds/UI/Scaling_Up.ubulk" 1118
"../../../Engine/Content/VREditor/Sounds/UI/Scaling_Up.uasset" 1119
"../../../Engine/Content/VREditor/Sounds/UI/Scaling_Up.uexp" 1120
"../../../Engine/Content/VREditor/Sounds/UI/Selection_Changes.ubulk" 1121
"../../../Engine/Content/VREditor/Sounds/UI/Selection_Changes.uasset" 1122
"../../../Engine/Content/VREditor/Sounds/UI/Selection_Changes.uexp" 1123
"../../../Engine/Plugins/Animation/DeformerGraph/Content/DeformerFunctions/DG_Function_LinearBlendSkin_Morph_Cloth.uasset" 1124
"../../../Engine/Plugins/Animation/DeformerGraph/Content/DeformerFunctions/DG_Function_LinearBlendSkin_Morph_Cloth.uexp" 1125
"../../../Engine/Plugins/Animation/DeformerGraph/Content/Deformers/DG_LinearBlendSkin_Morph_Cloth.uasset" 1126
"../../../Engine/Plugins/Animation/DeformerGraph/Content/Deformers/DG_LinearBlendSkin_Morph_Cloth.uexp" 1127
"../../../Engine/Plugins/Animation/DeformerGraph/Content/DeformerFunctions/DG_Function_LinearBlendSkin_Morph_Cloth_PositionOnly.uasset" 1128
"../../../Engine/Plugins/Animation/DeformerGraph/Content/DeformerFunctions/DG_Function_LinearBlendSkin_Morph_Cloth_PositionOnly.uexp" 1129
"../../../Engine/Plugins/Animation/DeformerGraph/Content/DeformerFunctions/DG_Function_ComputeNormalsTangents.uasset" 1130
"../../../Engine/Plugins/Animation/DeformerGraph/Content/DeformerFunctions/DG_Function_ComputeNormalsTangents.uexp" 1131
"../../../Engine/Plugins/Animation/DeformerGraph/Content/Deformers/DG_LinearBlendSkin_Morph_Cloth_RecomputeNormals.uasset" 1132
"../../../Engine/Plugins/Animation/DeformerGraph/Content/Deformers/DG_LinearBlendSkin_Morph_Cloth_RecomputeNormals.uexp" 1133
"../../../Engine/Plugins/NNE/NNEDenoiser/Content/NNEDT_Oidn2-3_Balanced.uasset" 1134
"../../../Engine/Plugins/NNE/NNEDenoiser/Content/NNEDT_Oidn2-3_Balanced.uexp" 1135
"../../../Engine/Plugins/NNE/NNEDenoiser/Content/NNEDT_Oidn2-3_Balanced_Alpha.uasset" 1136
"../../../Engine/Plugins/NNE/NNEDenoiser/Content/NNEDT_Oidn2-3_Balanced_Alpha.uexp" 1137
"../../../Engine/Plugins/NNE/NNEDenoiser/Content/NNED_Oidn2-3_Balanced.uasset" 1138
"../../../Engine/Plugins/NNE/NNEDenoiser/Content/NNED_Oidn2-3_Balanced.uexp" 1139
"../../../Engine/Plugins/NNE/NNEDenoiser/Content/NNED_Oidn2-3_Balanced_Alpha.uasset" 1140
"../../../Engine/Plugins/NNE/NNEDenoiser/Content/NNED_Oidn2-3_Balanced_Alpha.uexp" 1141
"../../../Engine/Plugins/NNE/NNEDenoiser/Content/NNED_Oidn2-3_Fast.uasset" 1142
"../../../Engine/Plugins/NNE/NNEDenoiser/Content/NNED_Oidn2-3_Fast.uexp" 1143
"../../../Engine/Plugins/NNE/NNEDenoiser/Content/NNED_Oidn2-3_Fast_Alpha.uasset" 1144
"../../../Engine/Plugins/NNE/NNEDenoiser/Content/NNED_Oidn2-3_Fast_Alpha.uexp" 1145
"../../../Engine/Plugins/NNE/NNEDenoiser/Content/NNED_Oidn2-3_HighQuality.uasset" 1146
"../../../Engine/Plugins/NNE/NNEDenoiser/Content/NNED_Oidn2-3_HighQuality.uexp" 1147
"../../../Engine/Plugins/NNE/NNEDenoiser/Content/NNED_Oidn2-3_HighQuality_Alpha.uasset" 1148
"../../../Engine/Plugins/NNE/NNEDenoiser/Content/NNED_Oidn2-3_HighQuality_Alpha.uexp" 1149
"C:/Users/eyimofe/Documents/Unreal Projects/Year 3/GiveMePurpose/Content/Blueprints/BP_MyPlayerPawn.uasset" 1150
"C:/Users/eyimofe/Documents/Unreal Projects/Year 3/GiveMePurpose/Content/Blueprints/BP_MyPlayerPawn.uexp" 1151
"C:/Users/eyimofe/Documents/Unreal Projects/Year 3/GiveMePurpose/Content/Blueprints/Interfaces/BPI_MainInterface.uasset" 1152
"C:/Users/eyimofe/Documents/Unreal Projects/Year 3/GiveMePurpose/Content/Blueprints/Interfaces/BPI_MainInterface.uexp" 1153
"C:/Users/eyimofe/Documents/Unreal Projects/Year 3/GiveMePurpose/Content/Blueprints/NPC/WalkIdleAnimation.uasset" 1154
"C:/Users/eyimofe/Documents/Unreal Projects/Year 3/GiveMePurpose/Content/Blueprints/NPC/WalkIdleAnimation.uexp" 1155
"C:/Users/eyimofe/Documents/Unreal Projects/Year 3/GiveMePurpose/Content/Blueprints/NPC/ABP_NPC.uasset" 1156
"C:/Users/eyimofe/Documents/Unreal Projects/Year 3/GiveMePurpose/Content/Blueprints/NPC/ABP_NPC.uexp" 1157
"C:/Users/eyimofe/Documents/Unreal Projects/Year 3/GiveMePurpose/Content/Blueprints/NPC/BP_NPC.uasset" 1158
"C:/Users/eyimofe/Documents/Unreal Projects/Year 3/GiveMePurpose/Content/Blueprints/NPC/BP_NPC.uexp" 1159
"C:/Users/eyimofe/Documents/Unreal Projects/Year 3/GiveMePurpose/Content/Blueprints/NPC/BP_WayPoints.uasset" 1160
"C:/Users/eyimofe/Documents/Unreal Projects/Year 3/GiveMePurpose/Content/Blueprints/NPC/BP_WayPoints.uexp" 1161
"C:/Users/eyimofe/Documents/Unreal Projects/Year 3/GiveMePurpose/Content/Blueprints/Widgets/WBP_EndScreen.uasset" 1162
"C:/Users/eyimofe/Documents/Unreal Projects/Year 3/GiveMePurpose/Content/Blueprints/Widgets/WBP_EndScreen.uexp" 1163
"C:/Users/eyimofe/Documents/Unreal Projects/Year 3/GiveMePurpose/Content/Blueprints/NPC/BP_NPCSpawningManager.uasset" 1164
"C:/Users/eyimofe/Documents/Unreal Projects/Year 3/GiveMePurpose/Content/Blueprints/NPC/BP_NPCSpawningManager.uexp" 1165
"C:/Users/eyimofe/Documents/Unreal Projects/Year 3/GiveMePurpose/Content/Assets/Materials/M_NPCCamera.uasset" 1166
"C:/Users/eyimofe/Documents/Unreal Projects/Year 3/GiveMePurpose/Content/Assets/Materials/M_NPCCamera.uexp" 1167
"C:/Users/eyimofe/Documents/Unreal Projects/Year 3/GiveMePurpose/Content/Blueprints/Widgets/WBP_InfoScreen.uasset" 1168
"C:/Users/eyimofe/Documents/Unreal Projects/Year 3/GiveMePurpose/Content/Blueprints/Widgets/WBP_InfoScreen.uexp" 1169
"C:/Users/eyimofe/Documents/Unreal Projects/Year 3/GiveMePurpose/Content/Blueprints/Widgets/WBP_MainScreen.uasset" 1170
"C:/Users/eyimofe/Documents/Unreal Projects/Year 3/GiveMePurpose/Content/Blueprints/Widgets/WBP_MainScreen.uexp" 1171
"C:/Users/eyimofe/Documents/Unreal Projects/Year 3/GiveMePurpose/Content/Blueprints/Input/Actions/IA_CallForPurpose.uasset" 1172
"C:/Users/eyimofe/Documents/Unreal Projects/Year 3/GiveMePurpose/Content/Blueprints/Input/Actions/IA_CallForPurpose.uexp" 1173
"C:/Users/eyimofe/Documents/Unreal Projects/Year 3/GiveMePurpose/Content/Blueprints/Input/IMC_MyMappingContext.uasset" 1174
"C:/Users/eyimofe/Documents/Unreal Projects/Year 3/GiveMePurpose/Content/Blueprints/Input/IMC_MyMappingContext.uexp" 1175
"C:/Users/eyimofe/Documents/Unreal Projects/Year 3/GiveMePurpose/Content/Blueprints/BP_MyPlayerController.uasset" 1176
"C:/Users/eyimofe/Documents/Unreal Projects/Year 3/GiveMePurpose/Content/Blueprints/BP_MyPlayerController.uexp" 1177
"C:/Users/eyimofe/Documents/Unreal Projects/Year 3/GiveMePurpose/Content/Blueprints/BP_MyGameMode.uasset" 1178
"C:/Users/eyimofe/Documents/Unreal Projects/Year 3/GiveMePurpose/Content/Blueprints/BP_MyGameMode.uexp" 1179
"C:/Users/eyimofe/Documents/Unreal Projects/Year 3/GiveMePurpose/Content/FirstPerson/Lvl_FirstPerson.uexp" 1180
"C:/Users/eyimofe/Documents/Unreal Projects/Year 3/GiveMePurpose/Content/FirstPerson/Lvl_FirstPerson.umap" 1181
"../../../Engine/Content/Maps/Entry_BuiltData.uasset" 1182
"../../../Engine/Content/Maps/Entry_BuiltData.uexp" 1183
"../../../Engine/Content/Maps/Entry.uexp" 1184
"../../../Engine/Content/Maps/Entry.umap" 1185
